PM2.5,PM10,NO2,SO2,CO,O3,AQI
65.45,128.52,98.77,135.66,1.25,113.05,119
64.35,126.36,97.11,133.38,1.23,111.15,117
85.8,168.48,129.48,177.84,1.64,148.2,156
92.95,182.52,140.27,192.66,1.77,160.55,169
81.4,159.84,122.84,168.72,1.55,140.6,148
80.3,157.68,121.18,166.44,1.53,138.7,146
76.45,150.12,115.37,158.46,1.46,132.05,139
78.1,153.36,117.86,161.88,1.49,134.9,142
84.15,165.24,126.99,174.42,1.61,145.35,153
85.25,167.4,128.65,176.7,1.63,147.25,155
83.6,164.16,126.16,173.28,1.6,144.4,152
83.05,163.08,125.33,172.14,1.59,143.45,151
81.4,159.84,122.84,168.72,1.55,140.6,148
75.35,147.96,113.71,156.18,1.44,130.15,137
78.65,154.44,118.69,163.02,1.5,135.85,143
74.25,145.8,112.05,153.9,1.42,128.25,135
68.2,133.92,102.92,141.36,1.3,117.8,124
71.5,140.4,107.9,148.2,1.37,123.5,130
70.4,138.24,106.24,145.92,1.34,121.6,128
73.7,144.72,111.22,152.76,1.41,127.3,134
74.25,145.8,112.05,153.9,1.42,128.25,135
83.05,163.08,125.33,172.14,1.59,143.45,151
66,129.6,99.6,136.8,1.26,114,120
67.65,132.84,102.09,140.22,1.29,116.85,123
78.65,154.44,118.69,163.02,1.5,135.85,143
81.4,159.84,122.84,168.72,1.55,140.6,148
81.4,159.84,122.84,168.72,1.55,140.6,148
75.35,147.96,113.71,156.18,1.44,130.15,137
77.55,152.28,117.03,160.74,1.48,133.95,141
78.65,154.44,118.69,163.02,1.5,135.85,143
69.3,136.08,104.58,143.64,1.32,119.7,126
64.35,126.36,97.11,133.38,1.23,111.15,117
63.25,124.2,95.45,131.1,1.21,109.25,115
58.85,115.56,88.81,121.98,1.12,101.65,107
56.65,111.24,85.49,117.42,1.08,97.85,103
67.1,131.76,101.26,139.08,1.28,115.9,122
63.8,125.28,96.28,132.24,1.22,110.2,116
75.9,149.04,114.54,157.32,1.45,131.1,138
57.2,112.32,86.32,118.56,1.09,98.8,104
57.75,113.4,87.15,119.7,1.1,99.75,105
63.25,124.2,95.45,131.1,1.21,109.25,115
56.1,110.16,84.66,116.28,1.07,96.9,102
55,108,83,114,1.05,95,100
54.45,106.92,82.17,112.86,1.04,94.05,99
53.35,104.76,80.51,110.58,1.02,92.15,97
63.25,124.2,95.45,131.1,1.21,109.25,115
57.75,113.4,87.15,119.7,1.1,99.75,105
59.4,116.64,89.64,123.12,1.13,102.6,108
64.9,127.44,97.94,134.52,1.24,112.1,118
57.2,112.32,86.32,118.56,1.09,98.8,104
51.15,100.44,77.19,106.02,0.98,88.35,93
59.4,116.64,89.64,123.12,1.13,102.6,108
63.25,124.2,95.45,131.1,1.21,109.25,115
73.7,144.72,111.22,152.76,1.41,127.3,134
56.1,110.16,84.66,116.28,1.07,96.9,102
56.1,110.16,84.66,116.28,1.07,96.9,102
67.1,131.76,101.26,139.08,1.28,115.9,122
70.95,139.32,107.07,147.06,1.35,122.55,129
69.85,137.16,105.41,144.78,1.33,120.65,127
66.55,130.68,100.43,137.94,1.27,114.95,121
63.8,125.28,96.28,132.24,1.22,110.2,116
59.95,117.72,90.47,124.26,1.14,103.55,109
64.9,127.44,97.94,134.52,1.24,112.1,118
57.75,113.4,87.15,119.7,1.1,99.75,105
55.55,109.08,83.83,115.14,1.06,95.95,101
55.55,109.08,83.83,115.14,1.06,95.95,101
58.85,115.56,88.81,121.98,1.12,101.65,107
64.35,126.36,97.11,133.38,1.23,111.15,117
64.9,127.44,97.94,134.52,1.24,112.1,118
64.35,126.36,97.11,133.38,1.23,111.15,117
50.6,99.36,76.36,104.88,0.97,87.4,92
44,86.4,66.4,91.2,0.84,76,80
55,108,83,114,1.05,95,100
50.6,99.36,76.36,104.88,0.97,87.4,92
67.1,131.76,101.26,139.08,1.28,115.9,122
56.1,110.16,84.66,116.28,1.07,96.9,102
40.7,79.92,61.42,84.36,0.78,70.3,74
47.85,93.96,72.21,99.18,0.91,82.65,87
55.55,109.08,83.83,115.14,1.06,95.95,101
58.85,115.56,88.81,121.98,1.12,101.65,107
72.6,142.56,109.56,150.48,1.39,125.4,132
69.85,137.16,105.41,144.78,1.33,120.65,127
72.6,142.56,109.56,150.48,1.39,125.4,132
76.45,150.12,115.37,158.46,1.46,132.05,139
65.45,128.52,98.77,135.66,1.25,113.05,119
64.9,127.44,97.94,134.52,1.24,112.1,118
64.9,127.44,97.94,134.52,1.24,112.1,118
68.2,133.92,102.92,141.36,1.3,117.8,124
63.25,124.2,95.45,131.1,1.21,109.25,115
59.4,116.64,89.64,123.12,1.13,102.6,108
51.7,101.52,78.02,107.16,0.99,89.3,94
39.6,77.76,59.76,82.08,0.76,68.4,72
53.35,104.76,80.51,110.58,1.02,92.15,97
51.15,100.44,77.19,106.02,0.98,88.35,93
47.3,92.88,71.38,98.04,0.9,81.7,86
53.35,104.76,80.51,110.58,1.02,92.15,97
42.35,83.16,63.91,87.78,0.81,73.15,77
40.15,78.84,60.59,83.22,0.77,69.35,73
55.55,109.08,83.83,115.14,1.06,95.95,101
46.2,90.72,69.72,95.76,0.88,79.8,84
38.5,75.6,58.1,79.8,0.74,66.5,70
39.6,77.76,59.76,82.08,0.76,68.4,72
36.3,71.28,54.78,75.24,0.69,62.7,66
37.4,73.44,56.44,77.52,0.71,64.6,68
33,64.8,49.8,68.4,0.63,57,60
55,108,83,114,1.05,95,100
47.85,93.96,72.21,99.18,0.91,82.65,87
46.2,90.72,69.72,95.76,0.88,79.8,84
58.85,115.56,88.81,121.98,1.12,101.65,107
62.15,122.04,93.79,128.82,1.19,107.35,113
66.55,130.68,100.43,137.94,1.27,114.95,121
62.7,123.12,94.62,129.96,1.2,108.3,114
45.1,88.56,68.06,93.48,0.86,77.9,82
45.1,88.56,68.06,93.48,0.86,77.9,82
48.4,95.04,73.04,100.32,0.92,83.6,88
49.5,97.2,74.7,102.6,0.95,85.5,90
50.6,99.36,76.36,104.88,0.97,87.4,92
49.5,97.2,74.7,102.6,0.95,85.5,90
56.65,111.24,85.49,117.42,1.08,97.85,103
55.55,109.08,83.83,115.14,1.06,95.95,101
64.35,126.36,97.11,133.38,1.23,111.15,117
44.55,87.48,67.23,92.34,0.85,76.95,81
55,108,83,114,1.05,95,100
37.4,73.44,56.44,77.52,0.71,64.6,68
37.4,73.44,56.44,77.52,0.71,64.6,68
44,86.4,66.4,91.2,0.84,76,80
47.3,92.88,71.38,98.04,0.9,81.7,86
52.8,103.68,79.68,109.44,1.01,91.2,96
57.75,113.4,87.15,119.7,1.1,99.75,105
40.15,78.84,60.59,83.22,0.77,69.35,73
42.9,84.24,64.74,88.92,0.82,74.1,78
47.3,92.88,71.38,98.04,0.9,81.7,86
57.2,112.32,86.32,118.56,1.09,98.8,104
45.1,88.56,68.06,93.48,0.86,77.9,82
40.7,79.92,61.42,84.36,0.78,70.3,74
42.9,84.24,64.74,88.92,0.82,74.1,78
59.95,117.72,90.47,124.26,1.14,103.55,109
42.9,84.24,64.74,88.92,0.82,74.1,78
58.3,114.48,87.98,120.84,1.11,100.7,106
52.25,102.6,78.85,108.3,1,90.25,95
73.7,144.72,111.22,152.76,1.41,127.3,134
57.75,113.4,87.15,119.7,1.1,99.75,105
62.15,122.04,93.79,128.82,1.19,107.35,113
50.6,99.36,76.36,104.88,0.97,87.4,92
64.9,127.44,97.94,134.52,1.24,112.1,118
38.5,75.6,58.1,79.8,0.74,66.5,70
42.35,83.16,63.91,87.78,0.81,73.15,77
41.25,81,62.25,85.5,0.79,71.25,75
42.35,83.16,63.91,87.78,0.81,73.15,77
45.1,88.56,68.06,93.48,0.86,77.9,82
47.85,93.96,72.21,99.18,0.91,82.65,87
59.4,116.64,89.64,123.12,1.13,102.6,108
39.6,77.76,59.76,82.08,0.76,68.4,72
46.75,91.8,70.55,96.9,0.89,80.75,85
42.9,84.24,64.74,88.92,0.82,74.1,78
40.7,79.92,61.42,84.36,0.78,70.3,74
41.8,82.08,63.08,86.64,0.8,72.2,76
33,64.8,49.8,68.4,0.63,57,60
34.1,66.96,51.46,70.68,0.65,58.9,62
30.25,59.4,45.65,62.7,0.58,52.25,55
25.85,50.76,39.01,53.58,0.49,44.65,47
28.6,56.16,43.16,59.28,0.55,49.4,52
40.15,78.84,60.59,83.22,0.77,69.35,73
44,86.4,66.4,91.2,0.84,76,80
48.4,95.04,73.04,100.32,0.92,83.6,88
46.75,91.8,70.55,96.9,0.89,80.75,85
34.65,68.04,52.29,71.82,0.66,59.85,63
36.3,71.28,54.78,75.24,0.69,62.7,66
29.15,57.24,43.99,60.42,0.56,50.35,53
24.2,47.52,36.52,50.16,0.46,41.8,44
34.65,68.04,52.29,71.82,0.66,59.85,63
26.4,51.84,39.84,54.72,0.5,45.6,48
28.6,56.16,43.16,59.28,0.55,49.4,52
27.5,54,41.5,57,0.53,47.5,50
23.1,45.36,34.86,47.88,0.44,39.9,42
25.85,50.76,39.01,53.58,0.49,44.65,47
22.55,44.28,34.03,46.74,0.43,38.95,41
29.15,57.24,43.99,60.42,0.56,50.35,53
29.15,57.24,43.99,60.42,0.56,50.35,53
30.8,60.48,46.48,63.84,0.59,53.2,56
32.45,63.72,48.97,67.26,0.62,56.05,59
28.6,56.16,43.16,59.28,0.55,49.4,52
28.6,56.16,43.16,59.28,0.55,49.4,52
26.4,51.84,39.84,54.72,0.5,45.6,48
31.9,62.64,48.14,66.12,0.61,55.1,58
31.9,62.64,48.14,66.12,0.61,55.1,58
24.2,47.52,36.52,50.16,0.46,41.8,44
34.1,66.96,51.46,70.68,0.65,58.9,62
27.5,54,41.5,57,0.53,47.5,50
26.4,51.84,39.84,54.72,0.5,45.6,48
27.5,54,41.5,57,0.53,47.5,50
25.3,49.68,38.18,52.44,0.48,43.7,46
22.55,44.28,34.03,46.74,0.43,38.95,41
19.25,37.8,29.05,39.9,0.37,33.25,35
22,43.2,33.2,45.6,0.42,38,40
31.35,61.56,47.31,64.98,0.6,54.15,57
19.8,38.88,29.88,41.04,0.38,34.2,36
19.8,38.88,29.88,41.04,0.38,34.2,36
22.55,44.28,34.03,46.74,0.43,38.95,41
28.05,55.08,42.33,58.14,0.54,48.45,51
23.1,45.36,34.86,47.88,0.44,39.9,42
27.5,54,41.5,57,0.53,47.5,50
37.95,74.52,57.27,78.66,0.72,65.55,69
36.3,71.28,54.78,75.24,0.69,62.7,66
31.35,61.56,47.31,64.98,0.6,54.15,57
30.8,60.48,46.48,63.84,0.59,53.2,56
28.6,56.16,43.16,59.28,0.55,49.4,52
29.15,57.24,43.99,60.42,0.56,50.35,53
30.8,60.48,46.48,63.84,0.59,53.2,56
41.8,82.08,63.08,86.64,0.8,72.2,76
48.4,95.04,73.04,100.32,0.92,83.6,88
41.8,82.08,63.08,86.64,0.8,72.2,76
42.35,83.16,63.91,87.78,0.81,73.15,77
41.25,81,62.25,85.5,0.79,71.25,75
52.25,102.6,78.85,108.3,1,90.25,95
49.5,97.2,74.7,102.6,0.95,85.5,90
35.2,69.12,53.12,72.96,0.67,60.8,64
44.55,87.48,67.23,92.34,0.85,76.95,81
30.25,59.4,45.65,62.7,0.58,52.25,55
33,64.8,49.8,68.4,0.63,57,60
27.5,54,41.5,57,0.53,47.5,50
27.5,54,41.5,57,0.53,47.5,50
25.3,49.68,38.18,52.44,0.48,43.7,46
21.45,42.12,32.37,44.46,0.41,37.05,39
15.95,31.32,24.07,33.06,0.3,27.55,29
24.75,48.6,37.35,51.3,0.47,42.75,45
39.05,76.68,58.93,80.94,0.75,67.45,71
19.8,38.88,29.88,41.04,0.38,34.2,36
24.75,48.6,37.35,51.3,0.47,42.75,45
20.35,39.96,30.71,42.18,0.39,35.15,37
25.85,50.76,39.01,53.58,0.49,44.65,47
28.05,55.08,42.33,58.14,0.54,48.45,51
14.3,28.08,21.58,29.64,0.27,24.7,26
16.5,32.4,24.9,34.2,0.32,28.5,30
24.75,48.6,37.35,51.3,0.47,42.75,45
28.05,55.08,42.33,58.14,0.54,48.45,51
30.8,60.48,46.48,63.84,0.59,53.2,56
33,64.8,49.8,68.4,0.63,57,60
33,64.8,49.8,68.4,0.63,57,60
33.55,65.88,50.63,69.54,0.64,57.95,61
35.2,69.12,53.12,72.96,0.67,60.8,64
45.1,88.56,68.06,93.48,0.86,77.9,82
46.2,90.72,69.72,95.76,0.88,79.8,84
37.95,74.52,57.27,78.66,0.72,65.55,69
26.95,52.92,40.67,55.86,0.51,46.55,49
26.4,51.84,39.84,54.72,0.5,45.6,48
28.6,56.16,43.16,59.28,0.55,49.4,52
39.05,76.68,58.93,80.94,0.75,67.45,71
40.15,78.84,60.59,83.22,0.77,69.35,73
45.65,89.64,68.89,94.62,0.87,78.85,83
25.3,49.68,38.18,52.44,0.48,43.7,46
45.65,89.64,68.89,94.62,0.87,78.85,83
47.85,93.96,72.21,99.18,0.91,82.65,87
42.35,83.16,63.91,87.78,0.81,73.15,77
38.5,75.6,58.1,79.8,0.74,66.5,70
47.3,92.88,71.38,98.04,0.9,81.7,86
45.65,89.64,68.89,94.62,0.87,78.85,83
48.95,96.12,73.87,101.46,0.93,84.55,89
53.9,105.84,81.34,111.72,1.03,93.1,98
45.1,88.56,68.06,93.48,0.86,77.9,82
36.3,71.28,54.78,75.24,0.69,62.7,66
45.1,88.56,68.06,93.48,0.86,77.9,82
44.55,87.48,67.23,92.34,0.85,76.95,81
48.95,96.12,73.87,101.46,0.93,84.55,89
30.8,60.48,46.48,63.84,0.59,53.2,56
37.4,73.44,56.44,77.52,0.71,64.6,68
33.55,65.88,50.63,69.54,0.64,57.95,61
45.1,88.56,68.06,93.48,0.86,77.9,82
59.95,117.72,90.47,124.26,1.14,103.55,109
45.1,88.56,68.06,93.48,0.86,77.9,82
51.7,101.52,78.02,107.16,0.99,89.3,94
55.55,109.08,83.83,115.14,1.06,95.95,101
67.1,131.76,101.26,139.08,1.28,115.9,122
70.4,138.24,106.24,145.92,1.34,121.6,128
45.1,88.56,68.06,93.48,0.86,77.9,82
41.25,81,62.25,85.5,0.79,71.25,75
45.1,88.56,68.06,93.48,0.86,77.9,82
46.2,90.72,69.72,95.76,0.88,79.8,84
63.8,125.28,96.28,132.24,1.22,110.2,116
64.9,127.44,97.94,134.52,1.24,112.1,118
69.3,136.08,104.58,143.64,1.32,119.7,126
69.3,136.08,104.58,143.64,1.32,119.7,126
72.05,141.48,108.73,149.34,1.38,124.45,131
64.35,126.36,97.11,133.38,1.23,111.15,117
64.35,126.36,97.11,133.38,1.23,111.15,117
66.55,130.68,100.43,137.94,1.27,114.95,121
58.85,115.56,88.81,121.98,1.12,101.65,107
50.6,99.36,76.36,104.88,0.97,87.4,92
52.8,103.68,79.68,109.44,1.01,91.2,96
38.5,75.6,58.1,79.8,0.74,66.5,70
37.95,74.52,57.27,78.66,0.72,65.55,69
39.05,76.68,58.93,80.94,0.75,67.45,71
58.3,114.48,87.98,120.84,1.11,100.7,106
63.25,124.2,95.45,131.1,1.21,109.25,115
68.2,133.92,102.92,141.36,1.3,117.8,124
67.1,131.76,101.26,139.08,1.28,115.9,122
69.3,136.08,104.58,143.64,1.32,119.7,126
68.75,135,103.75,142.5,1.31,118.75,125
58.3,114.48,87.98,120.84,1.11,100.7,106
66,129.6,99.6,136.8,1.26,114,120
62.15,122.04,93.79,128.82,1.19,107.35,113
58.85,115.56,88.81,121.98,1.12,101.65,107
63.25,124.2,95.45,131.1,1.21,109.25,115
66,129.6,99.6,136.8,1.26,114,120
58.3,114.48,87.98,120.84,1.11,100.7,106
41.8,82.08,63.08,86.64,0.8,72.2,76
30.25,59.4,45.65,62.7,0.58,52.25,55
29.7,58.32,44.82,61.56,0.57,51.3,54
34.65,68.04,52.29,71.82,0.66,59.85,63
45.65,89.64,68.89,94.62,0.87,78.85,83
53.35,104.76,80.51,110.58,1.02,92.15,97
61.6,120.96,92.96,127.68,1.18,106.4,112
66,129.6,99.6,136.8,1.26,114,120
74.25,145.8,112.05,153.9,1.42,128.25,135
70.4,138.24,106.24,145.92,1.34,121.6,128
71.5,140.4,107.9,148.2,1.37,123.5,130
73.15,143.64,110.39,151.62,1.4,126.35,133
78.1,153.36,117.86,161.88,1.49,134.9,142
70.95,139.32,107.07,147.06,1.35,122.55,129
64.9,127.44,97.94,134.52,1.24,112.1,118
35.2,69.12,53.12,72.96,0.67,60.8,64
31.35,61.56,47.31,64.98,0.6,54.15,57
29.7,58.32,44.82,61.56,0.57,51.3,54
51.7,101.52,78.02,107.16,0.99,89.3,94
74.8,146.88,112.88,155.04,1.43,129.2,136
71.5,140.4,107.9,148.2,1.37,123.5,130
75.9,149.04,114.54,157.32,1.45,131.1,138
81.95,160.92,123.67,169.86,1.56,141.55,149
75.9,149.04,114.54,157.32,1.45,131.1,138
74.8,146.88,112.88,155.04,1.43,129.2,136
76.45,150.12,115.37,158.46,1.46,132.05,139
78.65,154.44,118.69,163.02,1.5,135.85,143
81.4,159.84,122.84,168.72,1.55,140.6,148
74.8,146.88,112.88,155.04,1.43,129.2,136
75.35,147.96,113.71,156.18,1.44,130.15,137
78.1,153.36,117.86,161.88,1.49,134.9,142
79.2,155.52,119.52,164.16,1.51,136.8,144
86.9,170.64,131.14,180.12,1.66,150.1,158
77,151.2,116.2,159.6,1.47,133,140
67.1,131.76,101.26,139.08,1.28,115.9,122
59.4,116.64,89.64,123.12,1.13,102.6,108
80.85,158.76,122.01,167.58,1.54,139.65,147
88,172.8,132.8,182.4,1.68,152,160
89.1,174.96,134.46,184.68,1.7,153.9,162
85.8,168.48,129.48,177.84,1.64,148.2,156
85.25,167.4,128.65,176.7,1.63,147.25,155
79.2,155.52,119.52,164.16,1.51,136.8,144
81.4,159.84,122.84,168.72,1.55,140.6,148
85.25,167.4,128.65,176.7,1.63,147.25,155
84.15,165.24,126.99,174.42,1.61,145.35,153
77.55,152.28,117.03,160.74,1.48,133.95,141
26.95,52.92,40.67,55.86,0.51,46.55,49
31.9,62.64,48.14,66.12,0.61,55.1,58
42.9,84.24,64.74,88.92,0.82,74.1,78
59.4,116.64,89.64,123.12,1.13,102.6,108
74.8,146.88,112.88,155.04,1.43,129.2,136
87.45,171.72,131.97,181.26,1.67,151.05,159
86.9,170.64,131.14,180.12,1.66,150.1,158
82.5,162,124.5,171,1.58,142.5,150
74.8,146.88,112.88,155.04,1.43,129.2,136
72.05,141.48,108.73,149.34,1.38,124.45,131
70.95,139.32,107.07,147.06,1.35,122.55,129
73.15,143.64,110.39,151.62,1.4,126.35,133
78.65,154.44,118.69,163.02,1.5,135.85,143
72.05,141.48,108.73,149.34,1.38,124.45,131
72.6,142.56,109.56,150.48,1.39,125.4,132
77.55,152.28,117.03,160.74,1.48,133.95,141
79.2,155.52,119.52,164.16,1.51,136.8,144
80.85,158.76,122.01,167.58,1.54,139.65,147
79.75,156.6,120.35,165.3,1.52,137.75,145
85.25,167.4,128.65,176.7,1.63,147.25,155
84.15,165.24,126.99,174.42,1.61,145.35,153
83.05,163.08,125.33,172.14,1.59,143.45,151
81.4,159.84,122.84,168.72,1.55,140.6,148
80.3,157.68,121.18,166.44,1.53,138.7,146
83.6,164.16,126.16,173.28,1.6,144.4,152
86.9,170.64,131.14,180.12,1.66,150.1,158
80.85,158.76,122.01,167.58,1.54,139.65,147
80.85,158.76,122.01,167.58,1.54,139.65,147
81.4,159.84,122.84,168.72,1.55,140.6,148
84.7,166.32,127.82,175.56,1.62,146.3,154
80.3,157.68,121.18,166.44,1.53,138.7,146
80.3,157.68,121.18,166.44,1.53,138.7,146
84.7,166.32,127.82,175.56,1.62,146.3,154
83.6,164.16,126.16,173.28,1.6,144.4,152
71.5,140.4,107.9,148.2,1.37,123.5,130
51.7,101.52,78.02,107.16,0.99,89.3,94
61.6,120.96,92.96,127.68,1.18,106.4,112
61.05,119.88,92.13,126.54,1.17,105.45,111
46.2,90.72,69.72,95.76,0.88,79.8,84
36.85,72.36,55.61,76.38,0.7,63.65,67
45.65,89.64,68.89,94.62,0.87,78.85,83
78.1,153.36,117.86,161.88,1.49,134.9,142
73.7,144.72,111.22,152.76,1.41,127.3,134
57.75,113.4,87.15,119.7,1.1,99.75,105
64.9,127.44,97.94,134.52,1.24,112.1,118
71.5,140.4,107.9,148.2,1.37,123.5,130
65.45,128.52,98.77,135.66,1.25,113.05,119
67.1,131.76,101.26,139.08,1.28,115.9,122
63.8,125.28,96.28,132.24,1.22,110.2,116
64.35,126.36,97.11,133.38,1.23,111.15,117
73.7,144.72,111.22,152.76,1.41,127.3,134
64.9,127.44,97.94,134.52,1.24,112.1,118
64.35,126.36,97.11,133.38,1.23,111.15,117
72.6,142.56,109.56,150.48,1.39,125.4,132
71.5,140.4,107.9,148.2,1.37,123.5,130
62.7,123.12,94.62,129.96,1.2,108.3,114
70.4,138.24,106.24,145.92,1.34,121.6,128
72.6,142.56,109.56,150.48,1.39,125.4,132
71.5,140.4,107.9,148.2,1.37,123.5,130
52.8,103.68,79.68,109.44,1.01,91.2,96
50.6,99.36,76.36,104.88,0.97,87.4,92
57.75,113.4,87.15,119.7,1.1,99.75,105
63.8,125.28,96.28,132.24,1.22,110.2,116
67.1,131.76,101.26,139.08,1.28,115.9,122
45.1,88.56,68.06,93.48,0.86,77.9,82
45.1,88.56,68.06,93.48,0.86,77.9,82
51.7,101.52,78.02,107.16,0.99,89.3,94
68.75,135,103.75,142.5,1.31,118.75,125
57.75,113.4,87.15,119.7,1.1,99.75,105
55.55,109.08,83.83,115.14,1.06,95.95,101
66,129.6,99.6,136.8,1.26,114,120
59.95,117.72,90.47,124.26,1.14,103.55,109
61.05,119.88,92.13,126.54,1.17,105.45,111
65.45,128.52,98.77,135.66,1.25,113.05,119
40.7,79.92,61.42,84.36,0.78,70.3,74
37.4,73.44,56.44,77.52,0.71,64.6,68
42.35,83.16,63.91,87.78,0.81,73.15,77
69.3,136.08,104.58,143.64,1.32,119.7,126
74.25,145.8,112.05,153.9,1.42,128.25,135
76.45,150.12,115.37,158.46,1.46,132.05,139
79.2,155.52,119.52,164.16,1.51,136.8,144
62.7,123.12,94.62,129.96,1.2,108.3,114
55.55,109.08,83.83,115.14,1.06,95.95,101
47.85,93.96,72.21,99.18,0.91,82.65,87
52.8,103.68,79.68,109.44,1.01,91.2,96
56.65,111.24,85.49,117.42,1.08,97.85,103
54.45,106.92,82.17,112.86,1.04,94.05,99
58.3,114.48,87.98,120.84,1.11,100.7,106
52.8,103.68,79.68,109.44,1.01,91.2,96
52.25,102.6,78.85,108.3,1,90.25,95
51.7,101.52,78.02,107.16,0.99,89.3,94
38.5,75.6,58.1,79.8,0.74,66.5,70
49.5,97.2,74.7,102.6,0.95,85.5,90
51.15,100.44,77.19,106.02,0.98,88.35,93
41.8,82.08,63.08,86.64,0.8,72.2,76
51.7,101.52,78.02,107.16,0.99,89.3,94
62.15,122.04,93.79,128.82,1.19,107.35,113
57.75,113.4,87.15,119.7,1.1,99.75,105
62.15,122.04,93.79,128.82,1.19,107.35,113
57.2,112.32,86.32,118.56,1.09,98.8,104
66,129.6,99.6,136.8,1.26,114,120
70.4,138.24,106.24,145.92,1.34,121.6,128
71.5,140.4,107.9,148.2,1.37,123.5,130
67.65,132.84,102.09,140.22,1.29,116.85,123
54.45,106.92,82.17,112.86,1.04,94.05,99
62.15,122.04,93.79,128.82,1.19,107.35,113
57.2,112.32,86.32,118.56,1.09,98.8,104
53.9,105.84,81.34,111.72,1.03,93.1,98
46.75,91.8,70.55,96.9,0.89,80.75,85
46.75,91.8,70.55,96.9,0.89,80.75,85
40.15,78.84,60.59,83.22,0.77,69.35,73
42.35,83.16,63.91,87.78,0.81,73.15,77
48.4,95.04,73.04,100.32,0.92,83.6,88
53.9,105.84,81.34,111.72,1.03,93.1,98
42.35,83.16,63.91,87.78,0.81,73.15,77
45.65,89.64,68.89,94.62,0.87,78.85,83
51.15,100.44,77.19,106.02,0.98,88.35,93
52.25,102.6,78.85,108.3,1,90.25,95
48.95,96.12,73.87,101.46,0.93,84.55,89
56.1,110.16,84.66,116.28,1.07,96.9,102
45.1,88.56,68.06,93.48,0.86,77.9,82
58.3,114.48,87.98,120.84,1.11,100.7,106
43.45,85.32,65.57,90.06,0.83,75.05,79
34.1,66.96,51.46,70.68,0.65,58.9,62
34.1,66.96,51.46,70.68,0.65,58.9,62
34.65,68.04,52.29,71.82,0.66,59.85,63
53.9,105.84,81.34,111.72,1.03,93.1,98
44,86.4,66.4,91.2,0.84,76,80
56.65,111.24,85.49,117.42,1.08,97.85,103
55.55,109.08,83.83,115.14,1.06,95.95,101
65.45,128.52,98.77,135.66,1.25,113.05,119
59.4,116.64,89.64,123.12,1.13,102.6,108
53.9,105.84,81.34,111.72,1.03,93.1,98
49.5,97.2,74.7,102.6,0.95,85.5,90
51.7,101.52,78.02,107.16,0.99,89.3,94
63.25,124.2,95.45,131.1,1.21,109.25,115
64.9,127.44,97.94,134.52,1.24,112.1,118
59.4,116.64,89.64,123.12,1.13,102.6,108
56.1,110.16,84.66,116.28,1.07,96.9,102
62.7,123.12,94.62,129.96,1.2,108.3,114
71.5,140.4,107.9,148.2,1.37,123.5,130
73.15,143.64,110.39,151.62,1.4,126.35,133
69.85,137.16,105.41,144.78,1.33,120.65,127
68.75,135,103.75,142.5,1.31,118.75,125
66,129.6,99.6,136.8,1.26,114,120
50.05,98.28,75.53,103.74,0.96,86.45,91
56.1,110.16,84.66,116.28,1.07,96.9,102
49.5,97.2,74.7,102.6,0.95,85.5,90
58.85,115.56,88.81,121.98,1.12,101.65,107
47.3,92.88,71.38,98.04,0.9,81.7,86
61.6,120.96,92.96,127.68,1.18,106.4,112
61.6,120.96,92.96,127.68,1.18,106.4,112
73.7,144.72,111.22,152.76,1.41,127.3,134
59.95,117.72,90.47,124.26,1.14,103.55,109
59.95,117.72,90.47,124.26,1.14,103.55,109
56.65,111.24,85.49,117.42,1.08,97.85,103
56.1,110.16,84.66,116.28,1.07,96.9,102
45.1,88.56,68.06,93.48,0.86,77.9,82
62.7,123.12,94.62,129.96,1.2,108.3,114
69.3,136.08,104.58,143.64,1.32,119.7,126
59.95,117.72,90.47,124.26,1.14,103.55,109
60.5,118.8,91.3,125.4,1.16,104.5,110
68.2,133.92,102.92,141.36,1.3,117.8,124
64.9,127.44,97.94,134.52,1.24,112.1,118
55,108,83,114,1.05,95,100
47.3,92.88,71.38,98.04,0.9,81.7,86
61.6,120.96,92.96,127.68,1.18,106.4,112
43.45,85.32,65.57,90.06,0.83,75.05,79
35.2,69.12,53.12,72.96,0.67,60.8,64
41.8,82.08,63.08,86.64,0.8,72.2,76
56.1,110.16,84.66,116.28,1.07,96.9,102
41.25,81,62.25,85.5,0.79,71.25,75
34.65,68.04,52.29,71.82,0.66,59.85,63
41.8,82.08,63.08,86.64,0.8,72.2,76
36.85,72.36,55.61,76.38,0.7,63.65,67
26.4,51.84,39.84,54.72,0.5,45.6,48
24.2,47.52,36.52,50.16,0.46,41.8,44
19.8,38.88,29.88,41.04,0.38,34.2,36
19.8,38.88,29.88,41.04,0.38,34.2,36
31.9,62.64,48.14,66.12,0.61,55.1,58
27.5,54,41.5,57,0.53,47.5,50
33,64.8,49.8,68.4,0.63,57,60
31.9,62.64,48.14,66.12,0.61,55.1,58
31.35,61.56,47.31,64.98,0.6,54.15,57
28.05,55.08,42.33,58.14,0.54,48.45,51
36.85,72.36,55.61,76.38,0.7,63.65,67
27.5,54,41.5,57,0.53,47.5,50
28.6,56.16,43.16,59.28,0.55,49.4,52
30.25,59.4,45.65,62.7,0.58,52.25,55
28.05,55.08,42.33,58.14,0.54,48.45,51
29.7,58.32,44.82,61.56,0.57,51.3,54
18.15,35.64,27.39,37.62,0.35,31.35,33
15.95,31.32,24.07,33.06,0.3,27.55,29
16.5,32.4,24.9,34.2,0.32,28.5,30
19.8,38.88,29.88,41.04,0.38,34.2,36
23.1,45.36,34.86,47.88,0.44,39.9,42
17.05,33.48,25.73,35.34,0.33,29.45,31
22.55,44.28,34.03,46.74,0.43,38.95,41
23.65,46.44,35.69,49.02,0.45,40.85,43
19.8,38.88,29.88,41.04,0.38,34.2,36
17.6,34.56,26.56,36.48,0.34,30.4,32
23.1,45.36,34.86,47.88,0.44,39.9,42
18.7,36.72,28.22,38.76,0.36,32.3,34
21.45,42.12,32.37,44.46,0.41,37.05,39
15.95,31.32,24.07,33.06,0.3,27.55,29
20.9,41.04,31.54,43.32,0.4,36.1,38
20.35,39.96,30.71,42.18,0.39,35.15,37
23.1,45.36,34.86,47.88,0.44,39.9,42
18.7,36.72,28.22,38.76,0.36,32.3,34
22.55,44.28,34.03,46.74,0.43,38.95,41
33.55,65.88,50.63,69.54,0.64,57.95,61
34.65,68.04,52.29,71.82,0.66,59.85,63
38.5,75.6,58.1,79.8,0.74,66.5,70
44.55,87.48,67.23,92.34,0.85,76.95,81
29.15,57.24,43.99,60.42,0.56,50.35,53
21.45,42.12,32.37,44.46,0.41,37.05,39
18.7,36.72,28.22,38.76,0.36,32.3,34
20.9,41.04,31.54,43.32,0.4,36.1,38
19.8,38.88,29.88,41.04,0.38,34.2,36
20.9,41.04,31.54,43.32,0.4,36.1,38
22.55,44.28,34.03,46.74,0.43,38.95,41
15.95,31.32,24.07,33.06,0.3,27.55,29
21.45,42.12,32.37,44.46,0.41,37.05,39
14.85,29.16,22.41,30.78,0.28,25.65,27
12.1,23.76,18.26,25.08,0.23,20.9,22
13.75,27,20.75,28.5,0.26,23.75,25
16.5,32.4,24.9,34.2,0.32,28.5,30
13.75,27,20.75,28.5,0.26,23.75,25
11,21.6,16.6,22.8,0.21,19,20
14.85,29.16,22.41,30.78,0.28,25.65,27
14.85,29.16,22.41,30.78,0.28,25.65,27
20.9,41.04,31.54,43.32,0.4,36.1,38
14.3,28.08,21.58,29.64,0.27,24.7,26
22,43.2,33.2,45.6,0.42,38,40
19.25,37.8,29.05,39.9,0.37,33.25,35
17.6,34.56,26.56,36.48,0.34,30.4,32
24.2,47.52,36.52,50.16,0.46,41.8,44
31.9,62.64,48.14,66.12,0.61,55.1,58
38.5,75.6,58.1,79.8,0.74,66.5,70
34.65,68.04,52.29,71.82,0.66,59.85,63
29.7,58.32,44.82,61.56,0.57,51.3,54
26.4,51.84,39.84,54.72,0.5,45.6,48
37.4,73.44,56.44,77.52,0.71,64.6,68
47.85,93.96,72.21,99.18,0.91,82.65,87
40.7,79.92,61.42,84.36,0.78,70.3,74
40.15,78.84,60.59,83.22,0.77,69.35,73
38.5,75.6,58.1,79.8,0.74,66.5,70
32.45,63.72,48.97,67.26,0.62,56.05,59
28.6,56.16,43.16,59.28,0.55,49.4,52
25.85,50.76,39.01,53.58,0.49,44.65,47
20.9,41.04,31.54,43.32,0.4,36.1,38
25.3,49.68,38.18,52.44,0.48,43.7,46
31.35,61.56,47.31,64.98,0.6,54.15,57
31.9,62.64,48.14,66.12,0.61,55.1,58
30.25,59.4,45.65,62.7,0.58,52.25,55
24.75,48.6,37.35,51.3,0.47,42.75,45
16.5,32.4,24.9,34.2,0.32,28.5,30
14.85,29.16,22.41,30.78,0.28,25.65,27
14.3,28.08,21.58,29.64,0.27,24.7,26
16.5,32.4,24.9,34.2,0.32,28.5,30
13.75,27,20.75,28.5,0.26,23.75,25
14.3,28.08,21.58,29.64,0.27,24.7,26
15.4,30.24,23.24,31.92,0.29,26.6,28
14.85,29.16,22.41,30.78,0.28,25.65,27
13.75,27,20.75,28.5,0.26,23.75,25
18.7,36.72,28.22,38.76,0.36,32.3,34
17.6,34.56,26.56,36.48,0.34,30.4,32
27.5,54,41.5,57,0.53,47.5,50
29.15,57.24,43.99,60.42,0.56,50.35,53
22,43.2,33.2,45.6,0.42,38,40
23.1,45.36,34.86,47.88,0.44,39.9,42
25.3,49.68,38.18,52.44,0.48,43.7,46
33.55,65.88,50.63,69.54,0.64,57.95,61
32.45,63.72,48.97,67.26,0.62,56.05,59
30.25,59.4,45.65,62.7,0.58,52.25,55
28.05,55.08,42.33,58.14,0.54,48.45,51
20.9,41.04,31.54,43.32,0.4,36.1,38
29.7,58.32,44.82,61.56,0.57,51.3,54
29.15,57.24,43.99,60.42,0.56,50.35,53
30.8,60.48,46.48,63.84,0.59,53.2,56
28.6,56.16,43.16,59.28,0.55,49.4,52
23.1,45.36,34.86,47.88,0.44,39.9,42
22,43.2,33.2,45.6,0.42,38,40
18.15,35.64,27.39,37.62,0.35,31.35,33
26.4,51.84,39.84,54.72,0.5,45.6,48
31.9,62.64,48.14,66.12,0.61,55.1,58
38.5,75.6,58.1,79.8,0.74,66.5,70
41.8,82.08,63.08,86.64,0.8,72.2,76
37.4,73.44,56.44,77.52,0.71,64.6,68
44,86.4,66.4,91.2,0.84,76,80
42.9,84.24,64.74,88.92,0.82,74.1,78
39.6,77.76,59.76,82.08,0.76,68.4,72
44.55,87.48,67.23,92.34,0.85,76.95,81
50.6,99.36,76.36,104.88,0.97,87.4,92
54.45,106.92,82.17,112.86,1.04,94.05,99
52.25,102.6,78.85,108.3,1,90.25,95
42.9,84.24,64.74,88.92,0.82,74.1,78
34.1,66.96,51.46,70.68,0.65,58.9,62
34.65,68.04,52.29,71.82,0.66,59.85,63
37.4,73.44,56.44,77.52,0.71,64.6,68
51.7,101.52,78.02,107.16,0.99,89.3,94
55,108,83,114,1.05,95,100
53.35,104.76,80.51,110.58,1.02,92.15,97
63.8,125.28,96.28,132.24,1.22,110.2,116
26.4,51.84,39.84,54.72,0.5,45.6,48
29.15,57.24,43.99,60.42,0.56,50.35,53
31.35,61.56,47.31,64.98,0.6,54.15,57
24.2,47.52,36.52,50.16,0.46,41.8,44
41.8,82.08,63.08,86.64,0.8,72.2,76
41.25,81,62.25,85.5,0.79,71.25,75
41.8,82.08,63.08,86.64,0.8,72.2,76
26.95,52.92,40.67,55.86,0.51,46.55,49
24.2,47.52,36.52,50.16,0.46,41.8,44
29.7,58.32,44.82,61.56,0.57,51.3,54
58.3,114.48,87.98,120.84,1.11,100.7,106
50.6,99.36,76.36,104.88,0.97,87.4,92
51.15,100.44,77.19,106.02,0.98,88.35,93
31.35,61.56,47.31,64.98,0.6,54.15,57
28.6,56.16,43.16,59.28,0.55,49.4,52
33,64.8,49.8,68.4,0.63,57,60
46.2,90.72,69.72,95.76,0.88,79.8,84
54.45,106.92,82.17,112.86,1.04,94.05,99
92.95,182.52,140.27,192.66,1.77,160.55,169
94.6,185.76,142.76,196.08,1.81,163.4,172
84.15,165.24,126.99,174.42,1.61,145.35,153
70.95,139.32,107.07,147.06,1.35,122.55,129
86.9,170.64,131.14,180.12,1.66,150.1,158
89.1,174.96,134.46,184.68,1.7,153.9,162
66.55,130.68,100.43,137.94,1.27,114.95,121
55.55,109.08,83.83,115.14,1.06,95.95,101
68.2,133.92,102.92,141.36,1.3,117.8,124
70.95,139.32,107.07,147.06,1.35,122.55,129
68.75,135,103.75,142.5,1.31,118.75,125
77.55,152.28,117.03,160.74,1.48,133.95,141
73.7,144.72,111.22,152.76,1.41,127.3,134
83.05,163.08,125.33,172.14,1.59,143.45,151
94.05,184.68,141.93,194.94,1.8,162.45,171
100.1,196.56,151.06,207.48,1.91,172.9,182
84.15,165.24,126.99,174.42,1.61,145.35,153
86.9,170.64,131.14,180.12,1.66,150.1,158
91.85,180.36,138.61,190.38,1.75,158.65,167
85.8,168.48,129.48,177.84,1.64,148.2,156
88.55,173.88,133.63,183.54,1.69,152.95,161
100.1,196.56,151.06,207.48,1.91,172.9,182
82.5,162,124.5,171,1.58,142.5,150
83.6,164.16,126.16,173.28,1.6,144.4,152
66,129.6,99.6,136.8,1.26,114,120
70.4,138.24,106.24,145.92,1.34,121.6,128
70.4,138.24,106.24,145.92,1.34,121.6,128
49.5,97.2,74.7,102.6,0.95,85.5,90
37.4,73.44,56.44,77.52,0.71,64.6,68
86.35,169.56,130.31,178.98,1.65,149.15,157
96.25,189,145.25,199.5,1.84,166.25,175
99,194.4,149.4,205.2,1.89,171,180
99.55,195.48,150.23,206.34,1.9,171.95,181
81.4,159.84,122.84,168.72,1.55,140.6,148
62.7,123.12,94.62,129.96,1.2,108.3,114
64.9,127.44,97.94,134.52,1.24,112.1,118
69.85,137.16,105.41,144.78,1.33,120.65,127
69.3,136.08,104.58,143.64,1.32,119.7,126
40.15,78.84,60.59,83.22,0.77,69.35,73
42.35,83.16,63.91,87.78,0.81,73.15,77
48.4,95.04,73.04,100.32,0.92,83.6,88
54.45,106.92,82.17,112.86,1.04,94.05,99
72.05,141.48,108.73,149.34,1.38,124.45,131
84.7,166.32,127.82,175.56,1.62,146.3,154
82.5,162,124.5,171,1.58,142.5,150
83.05,163.08,125.33,172.14,1.59,143.45,151
94.05,184.68,141.93,194.94,1.8,162.45,171
92.4,181.44,139.44,191.52,1.76,159.6,168
84.7,166.32,127.82,175.56,1.62,146.3,154
68.75,135,103.75,142.5,1.31,118.75,125
81.4,159.84,122.84,168.72,1.55,140.6,148
70.95,139.32,107.07,147.06,1.35,122.55,129
64.9,127.44,97.94,134.52,1.24,112.1,118
74.25,145.8,112.05,153.9,1.42,128.25,135
91.3,179.28,137.78,189.24,1.74,157.7,166
75.9,149.04,114.54,157.32,1.45,131.1,138
53.35,104.76,80.51,110.58,1.02,92.15,97
44.55,87.48,67.23,92.34,0.85,76.95,81
32.45,63.72,48.97,67.26,0.62,56.05,59
33.55,65.88,50.63,69.54,0.64,57.95,61
53.9,105.84,81.34,111.72,1.03,93.1,98
63.25,124.2,95.45,131.1,1.21,109.25,115
63.8,125.28,96.28,132.24,1.22,110.2,116
51.15,100.44,77.19,106.02,0.98,88.35,93
43.45,85.32,65.57,90.06,0.83,75.05,79
45.1,88.56,68.06,93.48,0.86,77.9,82
78.1,153.36,117.86,161.88,1.49,134.9,142
83.6,164.16,126.16,173.28,1.6,144.4,152
78.1,153.36,117.86,161.88,1.49,134.9,142
74.25,145.8,112.05,153.9,1.42,128.25,135
73.7,144.72,111.22,152.76,1.41,127.3,134
61.05,119.88,92.13,126.54,1.17,105.45,111
37.95,74.52,57.27,78.66,0.72,65.55,69
37.4,73.44,56.44,77.52,0.71,64.6,68
37.95,74.52,57.27,78.66,0.72,65.55,69
41.25,81,62.25,85.5,0.79,71.25,75
42.9,84.24,64.74,88.92,0.82,74.1,78
46.75,91.8,70.55,96.9,0.89,80.75,85
43.45,85.32,65.57,90.06,0.83,75.05,79
63.25,124.2,95.45,131.1,1.21,109.25,115
70.4,138.24,106.24,145.92,1.34,121.6,128
74.25,145.8,112.05,153.9,1.42,128.25,135
70.95,139.32,107.07,147.06,1.35,122.55,129
66,129.6,99.6,136.8,1.26,114,120
57.2,112.32,86.32,118.56,1.09,98.8,104
70.4,138.24,106.24,145.92,1.34,121.6,128
72.05,141.48,108.73,149.34,1.38,124.45,131
72.05,141.48,108.73,149.34,1.38,124.45,131
50.05,98.28,75.53,103.74,0.96,86.45,91
40.7,79.92,61.42,84.36,0.78,70.3,74
42.35,83.16,63.91,87.78,0.81,73.15,77
37.4,73.44,56.44,77.52,0.71,64.6,68
38.5,75.6,58.1,79.8,0.74,66.5,70
44,86.4,66.4,91.2,0.84,76,80
44,86.4,66.4,91.2,0.84,76,80
43.45,85.32,65.57,90.06,0.83,75.05,79
45.1,88.56,68.06,93.48,0.86,77.9,82
36.3,71.28,54.78,75.24,0.69,62.7,66
41.25,81,62.25,85.5,0.79,71.25,75
52.8,103.68,79.68,109.44,1.01,91.2,96
70.4,138.24,106.24,145.92,1.34,121.6,128
79.75,156.6,120.35,165.3,1.52,137.75,145
78.1,153.36,117.86,161.88,1.49,134.9,142
74.25,145.8,112.05,153.9,1.42,128.25,135
68.2,133.92,102.92,141.36,1.3,117.8,124
62.15,122.04,93.79,128.82,1.19,107.35,113
65.45,128.52,98.77,135.66,1.25,113.05,119
50.05,98.28,75.53,103.74,0.96,86.45,91
45.1,88.56,68.06,93.48,0.86,77.9,82
39.05,76.68,58.93,80.94,0.75,67.45,71
35.75,70.2,53.95,74.1,0.68,61.75,65
39.6,77.76,59.76,82.08,0.76,68.4,72
48.4,95.04,73.04,100.32,0.92,83.6,88
63.8,125.28,96.28,132.24,1.22,110.2,116
56.65,111.24,85.49,117.42,1.08,97.85,103
51.7,101.52,78.02,107.16,0.99,89.3,94
50.6,99.36,76.36,104.88,0.97,87.4,92
53.35,104.76,80.51,110.58,1.02,92.15,97
53.35,104.76,80.51,110.58,1.02,92.15,97
61.6,120.96,92.96,127.68,1.18,106.4,112
64.9,127.44,97.94,134.52,1.24,112.1,118
49.5,97.2,74.7,102.6,0.95,85.5,90
45.65,89.64,68.89,94.62,0.87,78.85,83
39.6,77.76,59.76,82.08,0.76,68.4,72
39.05,76.68,58.93,80.94,0.75,67.45,71
33,64.8,49.8,68.4,0.63,57,60
34.65,68.04,52.29,71.82,0.66,59.85,63
41.25,81,62.25,85.5,0.79,71.25,75
41.8,82.08,63.08,86.64,0.8,72.2,76
41.25,81,62.25,85.5,0.79,71.25,75
44,86.4,66.4,91.2,0.84,76,80
36.3,71.28,54.78,75.24,0.69,62.7,66
36.85,72.36,55.61,76.38,0.7,63.65,67
36.3,71.28,54.78,75.24,0.69,62.7,66
47.3,92.88,71.38,98.04,0.9,81.7,86
41.25,81,62.25,85.5,0.79,71.25,75
49.5,97.2,74.7,102.6,0.95,85.5,90
51.7,101.52,78.02,107.16,0.99,89.3,94
38.5,75.6,58.1,79.8,0.74,66.5,70
35.2,69.12,53.12,72.96,0.67,60.8,64
33,64.8,49.8,68.4,0.63,57,60
32.45,63.72,48.97,67.26,0.62,56.05,59
36.85,72.36,55.61,76.38,0.7,63.65,67
37.4,73.44,56.44,77.52,0.71,64.6,68
43.45,85.32,65.57,90.06,0.83,75.05,79
40.15,78.84,60.59,83.22,0.77,69.35,73
37.95,74.52,57.27,78.66,0.72,65.55,69
46.2,90.72,69.72,95.76,0.88,79.8,84
53.9,105.84,81.34,111.72,1.03,93.1,98
40.15,78.84,60.59,83.22,0.77,69.35,73
36.85,72.36,55.61,76.38,0.7,63.65,67
36.3,71.28,54.78,75.24,0.69,62.7,66
34.1,66.96,51.46,70.68,0.65,58.9,62
25.85,50.76,39.01,53.58,0.49,44.65,47
22.55,44.28,34.03,46.74,0.43,38.95,41
34.65,68.04,52.29,71.82,0.66,59.85,63
28.6,56.16,43.16,59.28,0.55,49.4,52
35.75,70.2,53.95,74.1,0.68,61.75,65
31.9,62.64,48.14,66.12,0.61,55.1,58
36.3,71.28,54.78,75.24,0.69,62.7,66
40.7,79.92,61.42,84.36,0.78,70.3,74
39.6,77.76,59.76,82.08,0.76,68.4,72
39.05,76.68,58.93,80.94,0.75,67.45,71
40.7,79.92,61.42,84.36,0.78,70.3,74
37.4,73.44,56.44,77.52,0.71,64.6,68
35.75,70.2,53.95,74.1,0.68,61.75,65
31.35,61.56,47.31,64.98,0.6,54.15,57
27.5,54,41.5,57,0.53,47.5,50
26.4,51.84,39.84,54.72,0.5,45.6,48
27.5,54,41.5,57,0.53,47.5,50
33,64.8,49.8,68.4,0.63,57,60
32.45,63.72,48.97,67.26,0.62,56.05,59
37.95,74.52,57.27,78.66,0.72,65.55,69
29.7,58.32,44.82,61.56,0.57,51.3,54
29.15,57.24,43.99,60.42,0.56,50.35,53
25.3,49.68,38.18,52.44,0.48,43.7,46
30.25,59.4,45.65,62.7,0.58,52.25,55
31.9,62.64,48.14,66.12,0.61,55.1,58
28.05,55.08,42.33,58.14,0.54,48.45,51
40.15,78.84,60.59,83.22,0.77,69.35,73
40.15,78.84,60.59,83.22,0.77,69.35,73
37.4,73.44,56.44,77.52,0.71,64.6,68
36.85,72.36,55.61,76.38,0.7,63.65,67
29.7,58.32,44.82,61.56,0.57,51.3,54
33,64.8,49.8,68.4,0.63,57,60
35.75,70.2,53.95,74.1,0.68,61.75,65
32.45,63.72,48.97,67.26,0.62,56.05,59
42.9,84.24,64.74,88.92,0.82,74.1,78
37.95,74.52,57.27,78.66,0.72,65.55,69
30.8,60.48,46.48,63.84,0.59,53.2,56
31.35,61.56,47.31,64.98,0.6,54.15,57
31.9,62.64,48.14,66.12,0.61,55.1,58
35.75,70.2,53.95,74.1,0.68,61.75,65
39.6,77.76,59.76,82.08,0.76,68.4,72
35.75,70.2,53.95,74.1,0.68,61.75,65
55.55,109.08,83.83,115.14,1.06,95.95,101
57.2,112.32,86.32,118.56,1.09,98.8,104
59.4,116.64,89.64,123.12,1.13,102.6,108
62.7,123.12,94.62,129.96,1.2,108.3,114
66.55,130.68,100.43,137.94,1.27,114.95,121
60.5,118.8,91.3,125.4,1.16,104.5,110
51.7,101.52,78.02,107.16,0.99,89.3,94
45.65,89.64,68.89,94.62,0.87,78.85,83
47.3,92.88,71.38,98.04,0.9,81.7,86
46.2,90.72,69.72,95.76,0.88,79.8,84
44.55,87.48,67.23,92.34,0.85,76.95,81
30.8,60.48,46.48,63.84,0.59,53.2,56
37.95,74.52,57.27,78.66,0.72,65.55,69
25.3,49.68,38.18,52.44,0.48,43.7,46
30.8,60.48,46.48,63.84,0.59,53.2,56
18.7,36.72,28.22,38.76,0.36,32.3,34
17.6,34.56,26.56,36.48,0.34,30.4,32
23.1,45.36,34.86,47.88,0.44,39.9,42
34.1,66.96,51.46,70.68,0.65,58.9,62
33,64.8,49.8,68.4,0.63,57,60
29.15,57.24,43.99,60.42,0.56,50.35,53
29.15,57.24,43.99,60.42,0.56,50.35,53
25.85,50.76,39.01,53.58,0.49,44.65,47
22.55,44.28,34.03,46.74,0.43,38.95,41
23.1,45.36,34.86,47.88,0.44,39.9,42
17.05,33.48,25.73,35.34,0.33,29.45,31
18.15,35.64,27.39,37.62,0.35,31.35,33
18.7,36.72,28.22,38.76,0.36,32.3,34
17.05,33.48,25.73,35.34,0.33,29.45,31
15.95,31.32,24.07,33.06,0.3,27.55,29
19.25,37.8,29.05,39.9,0.37,33.25,35
21.45,42.12,32.37,44.46,0.41,37.05,39
30.25,59.4,45.65,62.7,0.58,52.25,55
31.9,62.64,48.14,66.12,0.61,55.1,58
32.45,63.72,48.97,67.26,0.62,56.05,59
25.3,49.68,38.18,52.44,0.48,43.7,46
27.5,54,41.5,57,0.53,47.5,50
25.3,49.68,38.18,52.44,0.48,43.7,46
27.5,54,41.5,57,0.53,47.5,50
29.7,58.32,44.82,61.56,0.57,51.3,54
24.2,47.52,36.52,50.16,0.46,41.8,44
24.2,47.52,36.52,50.16,0.46,41.8,44
25.85,50.76,39.01,53.58,0.49,44.65,47
21.45,42.12,32.37,44.46,0.41,37.05,39
18.15,35.64,27.39,37.62,0.35,31.35,33
17.05,33.48,25.73,35.34,0.33,29.45,31
16.5,32.4,24.9,34.2,0.32,28.5,30
17.6,34.56,26.56,36.48,0.34,30.4,32
22,43.2,33.2,45.6,0.42,38,40
20.35,39.96,30.71,42.18,0.39,35.15,37
16.5,32.4,24.9,34.2,0.32,28.5,30
18.15,35.64,27.39,37.62,0.35,31.35,33
18.7,36.72,28.22,38.76,0.36,32.3,34
18.15,35.64,27.39,37.62,0.35,31.35,33
22.55,44.28,34.03,46.74,0.43,38.95,41
20.35,39.96,30.71,42.18,0.39,35.15,37
19.8,38.88,29.88,41.04,0.38,34.2,36
14.3,28.08,21.58,29.64,0.27,24.7,26
16.5,32.4,24.9,34.2,0.32,28.5,30
17.05,33.48,25.73,35.34,0.33,29.45,31
18.15,35.64,27.39,37.62,0.35,31.35,33
23.1,45.36,34.86,47.88,0.44,39.9,42
20.9,41.04,31.54,43.32,0.4,36.1,38
20.9,41.04,31.54,43.32,0.4,36.1,38
24.2,47.52,36.52,50.16,0.46,41.8,44
22,43.2,33.2,45.6,0.42,38,40
20.9,41.04,31.54,43.32,0.4,36.1,38
24.75,48.6,37.35,51.3,0.47,42.75,45
20.35,39.96,30.71,42.18,0.39,35.15,37
22,43.2,33.2,45.6,0.42,38,40
26.4,51.84,39.84,54.72,0.5,45.6,48
23.65,46.44,35.69,49.02,0.45,40.85,43
26.4,51.84,39.84,54.72,0.5,45.6,48
22,43.2,33.2,45.6,0.42,38,40
33,64.8,49.8,68.4,0.63,57,60
22,43.2,33.2,45.6,0.42,38,40
14.3,28.08,21.58,29.64,0.27,24.7,26
14.3,28.08,21.58,29.64,0.27,24.7,26
14.85,29.16,22.41,30.78,0.28,25.65,27
15.4,30.24,23.24,31.92,0.29,26.6,28
16.5,32.4,24.9,34.2,0.32,28.5,30
17.05,33.48,25.73,35.34,0.33,29.45,31
24.75,48.6,37.35,51.3,0.47,42.75,45
19.8,38.88,29.88,41.04,0.38,34.2,36
17.6,34.56,26.56,36.48,0.34,30.4,32
19.25,37.8,29.05,39.9,0.37,33.25,35
18.7,36.72,28.22,38.76,0.36,32.3,34
17.05,33.48,25.73,35.34,0.33,29.45,31
15.95,31.32,24.07,33.06,0.3,27.55,29
14.3,28.08,21.58,29.64,0.27,24.7,26
18.7,36.72,28.22,38.76,0.36,32.3,34
17.6,34.56,26.56,36.48,0.34,30.4,32
18.15,35.64,27.39,37.62,0.35,31.35,33
16.5,32.4,24.9,34.2,0.32,28.5,30
17.6,34.56,26.56,36.48,0.34,30.4,32
16.5,32.4,24.9,34.2,0.32,28.5,30
17.05,33.48,25.73,35.34,0.33,29.45,31
17.05,33.48,25.73,35.34,0.33,29.45,31
18.7,36.72,28.22,38.76,0.36,32.3,34
26.4,51.84,39.84,54.72,0.5,45.6,48
26.95,52.92,40.67,55.86,0.51,46.55,49
18.15,35.64,27.39,37.62,0.35,31.35,33
20.9,41.04,31.54,43.32,0.4,36.1,38
19.25,37.8,29.05,39.9,0.37,33.25,35
20.9,41.04,31.54,43.32,0.4,36.1,38
34.65,68.04,52.29,71.82,0.66,59.85,63
32.45,63.72,48.97,67.26,0.62,56.05,59
33,64.8,49.8,68.4,0.63,57,60
25.3,49.68,38.18,52.44,0.48,43.7,46
25.85,50.76,39.01,53.58,0.49,44.65,47
27.5,54,41.5,57,0.53,47.5,50
26.4,51.84,39.84,54.72,0.5,45.6,48
45.1,88.56,68.06,93.48,0.86,77.9,82
45.65,89.64,68.89,94.62,0.87,78.85,83
30.25,59.4,45.65,62.7,0.58,52.25,55
28.6,56.16,43.16,59.28,0.55,49.4,52
25.3,49.68,38.18,52.44,0.48,43.7,46
20.9,41.04,31.54,43.32,0.4,36.1,38
23.65,46.44,35.69,49.02,0.45,40.85,43
18.7,36.72,28.22,38.76,0.36,32.3,34
24.2,47.52,36.52,50.16,0.46,41.8,44
22.55,44.28,34.03,46.74,0.43,38.95,41
22.55,44.28,34.03,46.74,0.43,38.95,41
26.95,52.92,40.67,55.86,0.51,46.55,49
27.5,54,41.5,57,0.53,47.5,50
19.25,37.8,29.05,39.9,0.37,33.25,35
19.25,37.8,29.05,39.9,0.37,33.25,35
18.7,36.72,28.22,38.76,0.36,32.3,34
19.8,38.88,29.88,41.04,0.38,34.2,36
22.55,44.28,34.03,46.74,0.43,38.95,41
18.7,36.72,28.22,38.76,0.36,32.3,34
20.9,41.04,31.54,43.32,0.4,36.1,38
28.05,55.08,42.33,58.14,0.54,48.45,51
40.7,79.92,61.42,84.36,0.78,70.3,74
39.05,76.68,58.93,80.94,0.75,67.45,71
38.5,75.6,58.1,79.8,0.74,66.5,70
47.3,92.88,71.38,98.04,0.9,81.7,86
51.7,101.52,78.02,107.16,0.99,89.3,94
51.7,101.52,78.02,107.16,0.99,89.3,94
47.85,93.96,72.21,99.18,0.91,82.65,87
56.65,111.24,85.49,117.42,1.08,97.85,103
58.85,115.56,88.81,121.98,1.12,101.65,107
56.1,110.16,84.66,116.28,1.07,96.9,102
57.2,112.32,86.32,118.56,1.09,98.8,104
34.1,66.96,51.46,70.68,0.65,58.9,62
37.4,73.44,56.44,77.52,0.71,64.6,68
24.75,48.6,37.35,51.3,0.47,42.75,45
23.65,46.44,35.69,49.02,0.45,40.85,43
18.15,35.64,27.39,37.62,0.35,31.35,33
22.55,44.28,34.03,46.74,0.43,38.95,41
28.05,55.08,42.33,58.14,0.54,48.45,51
33,64.8,49.8,68.4,0.63,57,60
26.4,51.84,39.84,54.72,0.5,45.6,48
34.65,68.04,52.29,71.82,0.66,59.85,63
43.45,85.32,65.57,90.06,0.83,75.05,79
46.2,90.72,69.72,95.76,0.88,79.8,84
78.65,154.44,118.69,163.02,1.5,135.85,143
92.4,181.44,139.44,191.52,1.76,159.6,168
82.5,162,124.5,171,1.58,142.5,150
73.7,144.72,111.22,152.76,1.41,127.3,134
66.55,130.68,100.43,137.94,1.27,114.95,121
76.45,150.12,115.37,158.46,1.46,132.05,139
69.3,136.08,104.58,143.64,1.32,119.7,126
79.75,156.6,120.35,165.3,1.52,137.75,145
86.35,169.56,130.31,178.98,1.65,149.15,157
93.5,183.6,141.1,193.8,1.79,161.5,170
89.1,174.96,134.46,184.68,1.7,153.9,162
89.65,176.04,135.29,185.82,1.71,154.85,163
91.85,180.36,138.61,190.38,1.75,158.65,167
85.25,167.4,128.65,176.7,1.63,147.25,155
82.5,162,124.5,171,1.58,142.5,150
77.55,152.28,117.03,160.74,1.48,133.95,141
88.55,173.88,133.63,183.54,1.69,152.95,161
78.65,154.44,118.69,163.02,1.5,135.85,143
81.95,160.92,123.67,169.86,1.56,141.55,149
93.5,183.6,141.1,193.8,1.79,161.5,170
83.05,163.08,125.33,172.14,1.59,143.45,151
47.85,93.96,72.21,99.18,0.91,82.65,87
31.9,62.64,48.14,66.12,0.61,55.1,58
53.35,104.76,80.51,110.58,1.02,92.15,97
59.4,116.64,89.64,123.12,1.13,102.6,108
48.95,96.12,73.87,101.46,0.93,84.55,89
53.9,105.84,81.34,111.72,1.03,93.1,98
46.2,90.72,69.72,95.76,0.88,79.8,84
33,64.8,49.8,68.4,0.63,57,60
34.1,66.96,51.46,70.68,0.65,58.9,62
38.5,75.6,58.1,79.8,0.74,66.5,70
66.55,130.68,100.43,137.94,1.27,114.95,121
68.2,133.92,102.92,141.36,1.3,117.8,124
72.6,142.56,109.56,150.48,1.39,125.4,132
68.75,135,103.75,142.5,1.31,118.75,125
39.05,76.68,58.93,80.94,0.75,67.45,71
47.3,92.88,71.38,98.04,0.9,81.7,86
42.9,84.24,64.74,88.92,0.82,74.1,78
40.7,79.92,61.42,84.36,0.78,70.3,74
52.25,102.6,78.85,108.3,1,90.25,95
52.8,103.68,79.68,109.44,1.01,91.2,96
53.35,104.76,80.51,110.58,1.02,92.15,97
53.9,105.84,81.34,111.72,1.03,93.1,98
54.45,106.92,82.17,112.86,1.04,94.05,99
55,108,83,114,1.05,95,100
55.55,109.08,83.83,115.14,1.06,95.95,101
56.1,110.16,84.66,116.28,1.07,96.9,102
56.65,111.24,85.49,117.42,1.08,97.85,103
57.2,112.32,86.32,118.56,1.09,98.8,104
57.75,113.4,87.15,119.7,1.1,99.75,105
58.3,114.48,87.98,120.84,1.11,100.7,106
58.85,115.56,88.81,121.98,1.12,101.65,107
59.4,116.64,89.64,123.12,1.13,102.6,108
59.95,117.72,90.47,124.26,1.14,103.55,109
60.5,118.8,91.3,125.4,1.16,104.5,110
61.05,119.88,92.13,126.54,1.17,105.45,111
61.6,120.96,92.96,127.68,1.18,106.4,112
62.15,122.04,93.79,128.82,1.19,107.35,113
62.7,123.12,94.62,129.96,1.2,108.3,114
63.25,124.2,95.45,131.1,1.21,109.25,115
63.8,125.28,96.28,132.24,1.22,110.2,116
64.35,126.36,97.11,133.38,1.23,111.15,117
64.9,127.44,97.94,134.52,1.24,112.1,118
65.45,128.52,98.77,135.66,1.25,113.05,119
66,129.6,99.6,136.8,1.26,114,120
66.55,130.68,100.43,137.94,1.27,114.95,121
67.1,131.76,101.26,139.08,1.28,115.9,122
67.65,132.84,102.09,140.22,1.29,116.85,123
68.2,133.92,102.92,141.36,1.3,117.8,124
68.75,135,103.75,142.5,1.31,118.75,125
69.3,136.08,104.58,143.64,1.32,119.7,126
103.4,203.04,156.04,214.32,1.97,178.6,188
101.2,198.72,152.72,209.76,1.93,174.8,184
105.6,207.36,159.36,218.88,2.02,182.4,192
78.1,153.36,117.86,161.88,1.49,134.9,142
58.3,114.48,87.98,120.84,1.11,100.7,106
56.1,110.16,84.66,116.28,1.07,96.9,102
47.3,92.88,71.38,98.04,0.9,81.7,86
77.55,152.28,117.03,160.74,1.48,133.95,141
37.4,73.44,56.44,77.52,0.71,64.6,68
46.75,91.8,70.55,96.9,0.89,80.75,85
79.2,155.52,119.52,164.16,1.51,136.8,144
89.65,176.04,135.29,185.82,1.71,154.85,163
83.05,163.08,125.33,172.14,1.59,143.45,151
78.65,154.44,118.69,163.02,1.5,135.85,143
84.7,166.32,127.82,175.56,1.62,146.3,154
85.8,168.48,129.48,177.84,1.64,148.2,156
74.25,145.8,112.05,153.9,1.42,128.25,135
51.7,101.52,78.02,107.16,0.99,89.3,94
67.1,131.76,101.26,139.08,1.28,115.9,122
58.3,114.48,87.98,120.84,1.11,100.7,106
62.7,123.12,94.62,129.96,1.2,108.3,114
77.55,152.28,117.03,160.74,1.48,133.95,141
77,151.2,116.2,159.6,1.47,133,140
66,129.6,99.6,136.8,1.26,114,120
59.95,117.72,90.47,124.26,1.14,103.55,109
54.45,106.92,82.17,112.86,1.04,94.05,99
56.65,111.24,85.49,117.42,1.08,97.85,103
66,129.6,99.6,136.8,1.26,114,120
63.8,125.28,96.28,132.24,1.22,110.2,116
66.55,130.68,100.43,137.94,1.27,114.95,121
79.2,155.52,119.52,164.16,1.51,136.8,144
81.95,160.92,123.67,169.86,1.56,141.55,149
78.1,153.36,117.86,161.88,1.49,134.9,142
79.2,155.52,119.52,164.16,1.51,136.8,144
68.75,135,103.75,142.5,1.31,118.75,125
62.7,123.12,94.62,129.96,1.2,108.3,114
62.7,123.12,94.62,129.96,1.2,108.3,114
81.95,160.92,123.67,169.86,1.56,141.55,149
72.05,141.48,108.73,149.34,1.38,124.45,131
83.6,164.16,126.16,173.28,1.6,144.4,152
84.7,166.32,127.82,175.56,1.62,146.3,154
70.95,139.32,107.07,147.06,1.35,122.55,129
54.45,106.92,82.17,112.86,1.04,94.05,99
62.7,123.12,94.62,129.96,1.2,108.3,114
57.75,113.4,87.15,119.7,1.1,99.75,105
52.25,102.6,78.85,108.3,1,90.25,95
61.05,119.88,92.13,126.54,1.17,105.45,111
61.6,120.96,92.96,127.68,1.18,106.4,112
58.3,114.48,87.98,120.84,1.11,100.7,106
61.6,120.96,92.96,127.68,1.18,106.4,112
57.75,113.4,87.15,119.7,1.1,99.75,105
44,86.4,66.4,91.2,0.84,76,80
57.2,112.32,86.32,118.56,1.09,98.8,104
78.65,154.44,118.69,163.02,1.5,135.85,143
82.5,162,124.5,171,1.58,142.5,150
72.05,141.48,108.73,149.34,1.38,124.45,131
74.25,145.8,112.05,153.9,1.42,128.25,135
81.4,159.84,122.84,168.72,1.55,140.6,148
82.5,162,124.5,171,1.58,142.5,150
70.4,138.24,106.24,145.92,1.34,121.6,128
66.55,130.68,100.43,137.94,1.27,114.95,121
72.05,141.48,108.73,149.34,1.38,124.45,131
78.65,154.44,118.69,163.02,1.5,135.85,143
56.65,111.24,85.49,117.42,1.08,97.85,103
57.75,113.4,87.15,119.7,1.1,99.75,105
67.1,131.76,101.26,139.08,1.28,115.9,122
63.25,124.2,95.45,131.1,1.21,109.25,115
58.3,114.48,87.98,120.84,1.11,100.7,106
61.05,119.88,92.13,126.54,1.17,105.45,111
59.95,117.72,90.47,124.26,1.14,103.55,109
37.4,73.44,56.44,77.52,0.71,64.6,68
44,86.4,66.4,91.2,0.84,76,80
52.8,103.68,79.68,109.44,1.01,91.2,96
58.3,114.48,87.98,120.84,1.11,100.7,106
53.9,105.84,81.34,111.72,1.03,93.1,98
65.45,128.52,98.77,135.66,1.25,113.05,119
62.15,122.04,93.79,128.82,1.19,107.35,113
60.5,118.8,91.3,125.4,1.16,104.5,110
61.6,120.96,92.96,127.68,1.18,106.4,112
59.95,117.72,90.47,124.26,1.14,103.55,109
85.25,167.4,128.65,176.7,1.63,147.25,155
77.55,152.28,117.03,160.74,1.48,133.95,141
73.7,144.72,111.22,152.76,1.41,127.3,134
90.2,177.12,136.12,186.96,1.72,155.8,164
86.9,170.64,131.14,180.12,1.66,150.1,158
84.7,166.32,127.82,175.56,1.62,146.3,154
81.4,159.84,122.84,168.72,1.55,140.6,148
74.8,146.88,112.88,155.04,1.43,129.2,136
72.6,142.56,109.56,150.48,1.39,125.4,132
76.45,150.12,115.37,158.46,1.46,132.05,139
77,151.2,116.2,159.6,1.47,133,140
83.6,164.16,126.16,173.28,1.6,144.4,152
82.5,162,124.5,171,1.58,142.5,150
77.55,152.28,117.03,160.74,1.48,133.95,141
84.7,166.32,127.82,175.56,1.62,146.3,154
68.75,135,103.75,142.5,1.31,118.75,125
61.05,119.88,92.13,126.54,1.17,105.45,111
66.55,130.68,100.43,137.94,1.27,114.95,121
72.6,142.56,109.56,150.48,1.39,125.4,132
60.5,118.8,91.3,125.4,1.16,104.5,110
41.8,82.08,63.08,86.64,0.8,72.2,76
50.05,98.28,75.53,103.74,0.96,86.45,91
46.2,90.72,69.72,95.76,0.88,79.8,84
31.9,62.64,48.14,66.12,0.61,55.1,58
35.75,70.2,53.95,74.1,0.68,61.75,65
41.8,82.08,63.08,86.64,0.8,72.2,76
50.6,99.36,76.36,104.88,0.97,87.4,92
58.3,114.48,87.98,120.84,1.11,100.7,106
55.55,109.08,83.83,115.14,1.06,95.95,101
61.6,120.96,92.96,127.68,1.18,106.4,112
50.05,98.28,75.53,103.74,0.96,86.45,91
50.6,99.36,76.36,104.88,0.97,87.4,92
39.6,77.76,59.76,82.08,0.76,68.4,72
39.6,77.76,59.76,82.08,0.76,68.4,72
58.85,115.56,88.81,121.98,1.12,101.65,107
44.55,87.48,67.23,92.34,0.85,76.95,81
50.6,99.36,76.36,104.88,0.97,87.4,92
43.45,85.32,65.57,90.06,0.83,75.05,79
52.8,103.68,79.68,109.44,1.01,91.2,96
50.05,98.28,75.53,103.74,0.96,86.45,91
53.9,105.84,81.34,111.72,1.03,93.1,98
42.35,83.16,63.91,87.78,0.81,73.15,77
37.95,74.52,57.27,78.66,0.72,65.55,69
41.8,82.08,63.08,86.64,0.8,72.2,76
37.95,74.52,57.27,78.66,0.72,65.55,69
31.35,61.56,47.31,64.98,0.6,54.15,57
28.6,56.16,43.16,59.28,0.55,49.4,52
28.05,55.08,42.33,58.14,0.54,48.45,51
28.05,55.08,42.33,58.14,0.54,48.45,51
27.5,54,41.5,57,0.53,47.5,50
36.85,72.36,55.61,76.38,0.7,63.65,67
30.25,59.4,45.65,62.7,0.58,52.25,55
30.25,59.4,45.65,62.7,0.58,52.25,55
31.9,62.64,48.14,66.12,0.61,55.1,58
19.25,37.8,29.05,39.9,0.37,33.25,35
15.95,31.32,24.07,33.06,0.3,27.55,29
17.6,34.56,26.56,36.48,0.34,30.4,32
25.85,50.76,39.01,53.58,0.49,44.65,47
20.35,39.96,30.71,42.18,0.39,35.15,37
23.1,45.36,34.86,47.88,0.44,39.9,42
39.05,76.68,58.93,80.94,0.75,67.45,71
41.25,81,62.25,85.5,0.79,71.25,75
41.8,82.08,63.08,86.64,0.8,72.2,76
42.9,84.24,64.74,88.92,0.82,74.1,78
50.05,98.28,75.53,103.74,0.96,86.45,91
59.4,116.64,89.64,123.12,1.13,102.6,108
40.15,78.84,60.59,83.22,0.77,69.35,73
28.05,55.08,42.33,58.14,0.54,48.45,51
33.55,65.88,50.63,69.54,0.64,57.95,61
26.95,52.92,40.67,55.86,0.51,46.55,49
28.05,55.08,42.33,58.14,0.54,48.45,51
24.75,48.6,37.35,51.3,0.47,42.75,45
25.3,49.68,38.18,52.44,0.48,43.7,46
26.4,51.84,39.84,54.72,0.5,45.6,48
26.4,51.84,39.84,54.72,0.5,45.6,48
25.3,49.68,38.18,52.44,0.48,43.7,46
20.35,39.96,30.71,42.18,0.39,35.15,37
22,43.2,33.2,45.6,0.42,38,40
25.3,49.68,38.18,52.44,0.48,43.7,46
20.35,39.96,30.71,42.18,0.39,35.15,37
18.7,36.72,28.22,38.76,0.36,32.3,34
17.05,33.48,25.73,35.34,0.33,29.45,31
16.5,32.4,24.9,34.2,0.32,28.5,30
17.6,34.56,26.56,36.48,0.34,30.4,32
17.6,34.56,26.56,36.48,0.34,30.4,32
14.3,28.08,21.58,29.64,0.27,24.7,26
10.45,20.52,15.77,21.66,0.2,18.05,19
12.65,24.84,19.09,26.22,0.24,21.85,23
27.5,54,41.5,57,0.53,47.5,50
23.1,45.36,34.86,47.88,0.44,39.9,42
28.05,55.08,42.33,58.14,0.54,48.45,51
58.3,114.48,87.98,120.84,1.11,100.7,106
59.4,116.64,89.64,123.12,1.13,102.6,108
55.55,109.08,83.83,115.14,1.06,95.95,101
38.5,75.6,58.1,79.8,0.74,66.5,70
26.95,52.92,40.67,55.86,0.51,46.55,49
30.25,59.4,45.65,62.7,0.58,52.25,55
25.85,50.76,39.01,53.58,0.49,44.65,47
26.4,51.84,39.84,54.72,0.5,45.6,48
31.35,61.56,47.31,64.98,0.6,54.15,57
33.55,65.88,50.63,69.54,0.64,57.95,61
25.3,49.68,38.18,52.44,0.48,43.7,46
20.9,41.04,31.54,43.32,0.4,36.1,38
26.95,52.92,40.67,55.86,0.51,46.55,49
39.6,77.76,59.76,82.08,0.76,68.4,72
34.65,68.04,52.29,71.82,0.66,59.85,63
41.8,82.08,63.08,86.64,0.8,72.2,76
35.2,69.12,53.12,72.96,0.67,60.8,64
24.2,47.52,36.52,50.16,0.46,41.8,44
22,43.2,33.2,45.6,0.42,38,40
20.35,39.96,30.71,42.18,0.39,35.15,37
20.9,41.04,31.54,43.32,0.4,36.1,38
18.15,35.64,27.39,37.62,0.35,31.35,33
15.95,31.32,24.07,33.06,0.3,27.55,29
16.5,32.4,24.9,34.2,0.32,28.5,30
16.5,32.4,24.9,34.2,0.32,28.5,30
16.5,32.4,24.9,34.2,0.32,28.5,30
18.15,35.64,27.39,37.62,0.35,31.35,33
20.9,41.04,31.54,43.32,0.4,36.1,38
16.5,32.4,24.9,34.2,0.32,28.5,30
17.05,33.48,25.73,35.34,0.33,29.45,31
17.6,34.56,26.56,36.48,0.34,30.4,32
15.4,30.24,23.24,31.92,0.29,26.6,28
18.15,35.64,27.39,37.62,0.35,31.35,33
21.45,42.12,32.37,44.46,0.41,37.05,39
21.45,42.12,32.37,44.46,0.41,37.05,39
18.15,35.64,27.39,37.62,0.35,31.35,33
22,43.2,33.2,45.6,0.42,38,40
19.25,37.8,29.05,39.9,0.37,33.25,35
20.9,41.04,31.54,43.32,0.4,36.1,38
20.35,39.96,30.71,42.18,0.39,35.15,37
22.55,44.28,34.03,46.74,0.43,38.95,41
23.1,45.36,34.86,47.88,0.44,39.9,42
19.8,38.88,29.88,41.04,0.38,34.2,36
21.45,42.12,32.37,44.46,0.41,37.05,39
24.2,47.52,36.52,50.16,0.46,41.8,44
22.55,44.28,34.03,46.74,0.43,38.95,41
23.65,46.44,35.69,49.02,0.45,40.85,43
39.05,76.68,58.93,80.94,0.75,67.45,71
29.7,58.32,44.82,61.56,0.57,51.3,54
30.25,59.4,45.65,62.7,0.58,52.25,55
34.1,66.96,51.46,70.68,0.65,58.9,62
30.8,60.48,46.48,63.84,0.59,53.2,56
26.95,52.92,40.67,55.86,0.51,46.55,49
27.5,54,41.5,57,0.53,47.5,50
31.9,62.64,48.14,66.12,0.61,55.1,58
28.05,55.08,42.33,58.14,0.54,48.45,51
23.1,45.36,34.86,47.88,0.44,39.9,42
28.05,55.08,42.33,58.14,0.54,48.45,51
24.75,48.6,37.35,51.3,0.47,42.75,45
24.2,47.52,36.52,50.16,0.46,41.8,44
27.5,54,41.5,57,0.53,47.5,50
29.7,58.32,44.82,61.56,0.57,51.3,54
26.95,52.92,40.67,55.86,0.51,46.55,49
29.7,58.32,44.82,61.56,0.57,51.3,54
34.65,68.04,52.29,71.82,0.66,59.85,63
37.4,73.44,56.44,77.52,0.71,64.6,68
23.65,46.44,35.69,49.02,0.45,40.85,43
24.75,48.6,37.35,51.3,0.47,42.75,45
23.1,45.36,34.86,47.88,0.44,39.9,42
26.95,52.92,40.67,55.86,0.51,46.55,49
19.8,38.88,29.88,41.04,0.38,34.2,36
21.45,42.12,32.37,44.46,0.41,37.05,39
23.65,46.44,35.69,49.02,0.45,40.85,43
33,64.8,49.8,68.4,0.63,57,60
24.75,48.6,37.35,51.3,0.47,42.75,45
20.9,41.04,31.54,43.32,0.4,36.1,38
20.9,41.04,31.54,43.32,0.4,36.1,38
20.9,41.04,31.54,43.32,0.4,36.1,38
20.9,41.04,31.54,43.32,0.4,36.1,38
18.15,35.64,27.39,37.62,0.35,31.35,33
18.7,36.72,28.22,38.76,0.36,32.3,34
22.55,44.28,34.03,46.74,0.43,38.95,41
20.9,41.04,31.54,43.32,0.4,36.1,38
18.7,36.72,28.22,38.76,0.36,32.3,34
17.6,34.56,26.56,36.48,0.34,30.4,32
18.7,36.72,28.22,38.76,0.36,32.3,34
26.4,51.84,39.84,54.72,0.5,45.6,48
31.9,62.64,48.14,66.12,0.61,55.1,58
35.75,70.2,53.95,74.1,0.68,61.75,65
34.65,68.04,52.29,71.82,0.66,59.85,63
39.6,77.76,59.76,82.08,0.76,68.4,72
27.5,54,41.5,57,0.53,47.5,50
20.35,39.96,30.71,42.18,0.39,35.15,37
20.35,39.96,30.71,42.18,0.39,35.15,37
23.1,45.36,34.86,47.88,0.44,39.9,42
22,43.2,33.2,45.6,0.42,38,40
23.65,46.44,35.69,49.02,0.45,40.85,43
23.65,46.44,35.69,49.02,0.45,40.85,43
23.1,45.36,34.86,47.88,0.44,39.9,42
20.9,41.04,31.54,43.32,0.4,36.1,38
18.15,35.64,27.39,37.62,0.35,31.35,33
25.3,49.68,38.18,52.44,0.48,43.7,46
29.7,58.32,44.82,61.56,0.57,51.3,54
28.6,56.16,43.16,59.28,0.55,49.4,52
33,64.8,49.8,68.4,0.63,57,60
30.25,59.4,45.65,62.7,0.58,52.25,55
34.1,66.96,51.46,70.68,0.65,58.9,62
32.45,63.72,48.97,67.26,0.62,56.05,59
25.3,49.68,38.18,52.44,0.48,43.7,46
29.7,58.32,44.82,61.56,0.57,51.3,54
23.1,45.36,34.86,47.88,0.44,39.9,42
33,64.8,49.8,68.4,0.63,57,60
48.95,96.12,73.87,101.46,0.93,84.55,89
67.65,132.84,102.09,140.22,1.29,116.85,123
79.75,156.6,120.35,165.3,1.52,137.75,145
79.75,156.6,120.35,165.3,1.52,137.75,145
70.95,139.32,107.07,147.06,1.35,122.55,129
79.75,156.6,120.35,165.3,1.52,137.75,145
25.85,50.76,39.01,53.58,0.49,44.65,47
49.5,97.2,74.7,102.6,0.95,85.5,90
50.6,99.36,76.36,104.88,0.97,87.4,92
70.4,138.24,106.24,145.92,1.34,121.6,128
68.75,135,103.75,142.5,1.31,118.75,125
70.95,139.32,107.07,147.06,1.35,122.55,129
63.8,125.28,96.28,132.24,1.22,110.2,116
68.75,135,103.75,142.5,1.31,118.75,125
64.9,127.44,97.94,134.52,1.24,112.1,118
78.65,154.44,118.69,163.02,1.5,135.85,143
78.1,153.36,117.86,161.88,1.49,134.9,142
74.8,146.88,112.88,155.04,1.43,129.2,136
59.4,116.64,89.64,123.12,1.13,102.6,108
70.4,138.24,106.24,145.92,1.34,121.6,128
71.5,140.4,107.9,148.2,1.37,123.5,130
69.85,137.16,105.41,144.78,1.33,120.65,127
66.55,130.68,100.43,137.94,1.27,114.95,121
25.3,49.68,38.18,52.44,0.48,43.7,46
31.35,61.56,47.31,64.98,0.6,54.15,57
42.9,84.24,64.74,88.92,0.82,74.1,78
57.2,112.32,86.32,118.56,1.09,98.8,104
78.1,153.36,117.86,161.88,1.49,134.9,142
73.7,144.72,111.22,152.76,1.41,127.3,134
79.75,156.6,120.35,165.3,1.52,137.75,145
98.45,193.32,148.57,204.06,1.88,170.05,179
92.95,182.52,140.27,192.66,1.77,160.55,169
80.3,157.68,121.18,166.44,1.53,138.7,146
34.65,68.04,52.29,71.82,0.66,59.85,63
29.15,57.24,43.99,60.42,0.56,50.35,53
32.45,63.72,48.97,67.26,0.62,56.05,59
28.05,55.08,42.33,58.14,0.54,48.45,51
23.65,46.44,35.69,49.02,0.45,40.85,43
40.7,79.92,61.42,84.36,0.78,70.3,74
37.95,74.52,57.27,78.66,0.72,65.55,69
22,43.2,33.2,45.6,0.42,38,40
20.9,41.04,31.54,43.32,0.4,36.1,38
24.2,47.52,36.52,50.16,0.46,41.8,44
37.4,73.44,56.44,77.52,0.71,64.6,68
41.8,82.08,63.08,86.64,0.8,72.2,76
49.5,97.2,74.7,102.6,0.95,85.5,90
78.65,154.44,118.69,163.02,1.5,135.85,143
69.85,137.16,105.41,144.78,1.33,120.65,127
73.7,144.72,111.22,152.76,1.41,127.3,134
88,172.8,132.8,182.4,1.68,152,160
72.6,142.56,109.56,150.48,1.39,125.4,132
72.05,141.48,108.73,149.34,1.38,124.45,131
85.8,168.48,129.48,177.84,1.64,148.2,156
93.5,183.6,141.1,193.8,1.79,161.5,170
89.1,174.96,134.46,184.68,1.7,153.9,162
89.1,174.96,134.46,184.68,1.7,153.9,162
68.75,135,103.75,142.5,1.31,118.75,125
59.95,117.72,90.47,124.26,1.14,103.55,109
67.65,132.84,102.09,140.22,1.29,116.85,123
56.1,110.16,84.66,116.28,1.07,96.9,102
46.2,90.72,69.72,95.76,0.88,79.8,84
55.55,109.08,83.83,115.14,1.06,95.95,101
74.8,146.88,112.88,155.04,1.43,129.2,136
72.6,142.56,109.56,150.48,1.39,125.4,132
82.5,162,124.5,171,1.58,142.5,150
89.65,176.04,135.29,185.82,1.71,154.85,163
86.35,169.56,130.31,178.98,1.65,149.15,157
85.8,168.48,129.48,177.84,1.64,148.2,156
82.5,162,124.5,171,1.58,142.5,150
90.2,177.12,136.12,186.96,1.72,155.8,164
93.5,183.6,141.1,193.8,1.79,161.5,170
86.9,170.64,131.14,180.12,1.66,150.1,158
78.65,154.44,118.69,163.02,1.5,135.85,143
94.6,185.76,142.76,196.08,1.81,163.4,172
92.4,181.44,139.44,191.52,1.76,159.6,168
88,172.8,132.8,182.4,1.68,152,160
95.7,187.92,144.42,198.36,1.83,165.3,174
80.85,158.76,122.01,167.58,1.54,139.65,147
65.45,128.52,98.77,135.66,1.25,113.05,119
51.7,101.52,78.02,107.16,0.99,89.3,94
50.6,99.36,76.36,104.88,0.97,87.4,92
64.35,126.36,97.11,133.38,1.23,111.15,117
69.3,136.08,104.58,143.64,1.32,119.7,126
78.65,154.44,118.69,163.02,1.5,135.85,143
74.8,146.88,112.88,155.04,1.43,129.2,136
79.75,156.6,120.35,165.3,1.52,137.75,145
83.05,163.08,125.33,172.14,1.59,143.45,151
65.45,128.52,98.77,135.66,1.25,113.05,119
46.2,90.72,69.72,95.76,0.88,79.8,84
35.75,70.2,53.95,74.1,0.68,61.75,65
39.6,77.76,59.76,82.08,0.76,68.4,72
40.15,78.84,60.59,83.22,0.77,69.35,73
35.2,69.12,53.12,72.96,0.67,60.8,64
43.45,85.32,65.57,90.06,0.83,75.05,79
36.3,71.28,54.78,75.24,0.69,62.7,66
31.35,61.56,47.31,64.98,0.6,54.15,57
42.9,84.24,64.74,88.92,0.82,74.1,78
45.1,88.56,68.06,93.48,0.86,77.9,82
41.25,81,62.25,85.5,0.79,71.25,75
56.65,111.24,85.49,117.42,1.08,97.85,103
80.3,157.68,121.18,166.44,1.53,138.7,146
71.5,140.4,107.9,148.2,1.37,123.5,130
69.85,137.16,105.41,144.78,1.33,120.65,127
62.7,123.12,94.62,129.96,1.2,108.3,114
51.15,100.44,77.19,106.02,0.98,88.35,93
58.3,114.48,87.98,120.84,1.11,100.7,106
106.15,208.44,160.19,220.02,2.03,183.35,193
97.9,192.24,147.74,202.92,1.87,169.1,178
88.55,173.88,133.63,183.54,1.69,152.95,161
71.5,140.4,107.9,148.2,1.37,123.5,130
59.4,116.64,89.64,123.12,1.13,102.6,108
81.4,159.84,122.84,168.72,1.55,140.6,148
86.9,170.64,131.14,180.12,1.66,150.1,158
95.15,186.84,143.59,197.22,1.82,164.35,173
89.1,174.96,134.46,184.68,1.7,153.9,162
60.5,118.8,91.3,125.4,1.16,104.5,110
64.9,127.44,97.94,134.52,1.24,112.1,118
83.6,164.16,126.16,173.28,1.6,144.4,152
75.9,149.04,114.54,157.32,1.45,131.1,138
68.2,133.92,102.92,141.36,1.3,117.8,124
70.4,138.24,106.24,145.92,1.34,121.6,128
59.4,116.64,89.64,123.12,1.13,102.6,108
59.4,116.64,89.64,123.12,1.13,102.6,108
78.1,153.36,117.86,161.88,1.49,134.9,142
72.05,141.48,108.73,149.34,1.38,124.45,131
73.15,143.64,110.39,151.62,1.4,126.35,133
70.95,139.32,107.07,147.06,1.35,122.55,129
66,129.6,99.6,136.8,1.26,114,120
58.85,115.56,88.81,121.98,1.12,101.65,107
57.2,112.32,86.32,118.56,1.09,98.8,104
53.9,105.84,81.34,111.72,1.03,93.1,98
66.55,130.68,100.43,137.94,1.27,114.95,121
57.2,112.32,86.32,118.56,1.09,98.8,104
74.25,145.8,112.05,153.9,1.42,128.25,135
72.05,141.48,108.73,149.34,1.38,124.45,131
58.3,114.48,87.98,120.84,1.11,100.7,106
50.6,99.36,76.36,104.88,0.97,87.4,92
47.3,92.88,71.38,98.04,0.9,81.7,86
46.2,90.72,69.72,95.76,0.88,79.8,84
45.65,89.64,68.89,94.62,0.87,78.85,83
36.85,72.36,55.61,76.38,0.7,63.65,67
40.15,78.84,60.59,83.22,0.77,69.35,73
41.8,82.08,63.08,86.64,0.8,72.2,76
51.15,100.44,77.19,106.02,0.98,88.35,93
47.3,92.88,71.38,98.04,0.9,81.7,86
51.7,101.52,78.02,107.16,0.99,89.3,94
52.8,103.68,79.68,109.44,1.01,91.2,96
45.65,89.64,68.89,94.62,0.87,78.85,83
54.45,106.92,82.17,112.86,1.04,94.05,99
71.5,140.4,107.9,148.2,1.37,123.5,130
79.2,155.52,119.52,164.16,1.51,136.8,144
77,151.2,116.2,159.6,1.47,133,140
72.6,142.56,109.56,150.48,1.39,125.4,132
87.45,171.72,131.97,181.26,1.67,151.05,159
73.15,143.64,110.39,151.62,1.4,126.35,133
75.9,149.04,114.54,157.32,1.45,131.1,138
75.9,149.04,114.54,157.32,1.45,131.1,138
79.2,155.52,119.52,164.16,1.51,136.8,144
74.8,146.88,112.88,155.04,1.43,129.2,136
61.6,120.96,92.96,127.68,1.18,106.4,112
58.3,114.48,87.98,120.84,1.11,100.7,106
75.35,147.96,113.71,156.18,1.44,130.15,137
74.25,145.8,112.05,153.9,1.42,128.25,135
76.45,150.12,115.37,158.46,1.46,132.05,139
72.6,142.56,109.56,150.48,1.39,125.4,132
69.85,137.16,105.41,144.78,1.33,120.65,127
62.15,122.04,93.79,128.82,1.19,107.35,113
62.7,123.12,94.62,129.96,1.2,108.3,114
68.2,133.92,102.92,141.36,1.3,117.8,124
73.15,143.64,110.39,151.62,1.4,126.35,133
77.55,152.28,117.03,160.74,1.48,133.95,141
75.9,149.04,114.54,157.32,1.45,131.1,138
75.35,147.96,113.71,156.18,1.44,130.15,137
57.75,113.4,87.15,119.7,1.1,99.75,105
66,129.6,99.6,136.8,1.26,114,120
52.8,103.68,79.68,109.44,1.01,91.2,96
50.6,99.36,76.36,104.88,0.97,87.4,92
53.35,104.76,80.51,110.58,1.02,92.15,97
59.4,116.64,89.64,123.12,1.13,102.6,108
57.2,112.32,86.32,118.56,1.09,98.8,104
46.2,90.72,69.72,95.76,0.88,79.8,84
61.05,119.88,92.13,126.54,1.17,105.45,111
42.9,84.24,64.74,88.92,0.82,74.1,78
63.8,125.28,96.28,132.24,1.22,110.2,116
47.85,93.96,72.21,99.18,0.91,82.65,87
41.25,81,62.25,85.5,0.79,71.25,75
52.8,103.68,79.68,109.44,1.01,91.2,96
56.65,111.24,85.49,117.42,1.08,97.85,103
57.2,112.32,86.32,118.56,1.09,98.8,104
57.2,112.32,86.32,118.56,1.09,98.8,104
63.25,124.2,95.45,131.1,1.21,109.25,115
51.15,100.44,77.19,106.02,0.98,88.35,93
63.25,124.2,95.45,131.1,1.21,109.25,115
52.25,102.6,78.85,108.3,1,90.25,95
42.9,84.24,64.74,88.92,0.82,74.1,78
51.15,100.44,77.19,106.02,0.98,88.35,93
67.65,132.84,102.09,140.22,1.29,116.85,123
51.15,100.44,77.19,106.02,0.98,88.35,93
60.5,118.8,91.3,125.4,1.16,104.5,110
60.5,118.8,91.3,125.4,1.16,104.5,110
51.15,100.44,77.19,106.02,0.98,88.35,93
63.8,125.28,96.28,132.24,1.22,110.2,116
69.85,137.16,105.41,144.78,1.33,120.65,127
55.55,109.08,83.83,115.14,1.06,95.95,101
73.15,143.64,110.39,151.62,1.4,126.35,133
51.15,100.44,77.19,106.02,0.98,88.35,93
50.05,98.28,75.53,103.74,0.96,86.45,91
60.5,118.8,91.3,125.4,1.16,104.5,110
59.95,117.72,90.47,124.26,1.14,103.55,109
64.35,126.36,97.11,133.38,1.23,111.15,117
74.8,146.88,112.88,155.04,1.43,129.2,136
78.65,154.44,118.69,163.02,1.5,135.85,143
47.3,92.88,71.38,98.04,0.9,81.7,86
39.6,77.76,59.76,82.08,0.76,68.4,72
39.05,76.68,58.93,80.94,0.75,67.45,71
55,108,83,114,1.05,95,100
51.7,101.52,78.02,107.16,0.99,89.3,94
45.1,88.56,68.06,93.48,0.86,77.9,82
45.1,88.56,68.06,93.48,0.86,77.9,82
48.4,95.04,73.04,100.32,0.92,83.6,88
38.5,75.6,58.1,79.8,0.74,66.5,70
34.1,66.96,51.46,70.68,0.65,58.9,62
37.95,74.52,57.27,78.66,0.72,65.55,69
59.4,116.64,89.64,123.12,1.13,102.6,108
45.65,89.64,68.89,94.62,0.87,78.85,83
45.65,89.64,68.89,94.62,0.87,78.85,83
58.85,115.56,88.81,121.98,1.12,101.65,107
61.05,119.88,92.13,126.54,1.17,105.45,111
59.95,117.72,90.47,124.26,1.14,103.55,109
60.5,118.8,91.3,125.4,1.16,104.5,110
67.1,131.76,101.26,139.08,1.28,115.9,122
66.55,130.68,100.43,137.94,1.27,114.95,121
63.25,124.2,95.45,131.1,1.21,109.25,115
55,108,83,114,1.05,95,100
65.45,128.52,98.77,135.66,1.25,113.05,119
52.8,103.68,79.68,109.44,1.01,91.2,96
64.35,126.36,97.11,133.38,1.23,111.15,117
70.4,138.24,106.24,145.92,1.34,121.6,128
51.7,101.52,78.02,107.16,0.99,89.3,94
49.5,97.2,74.7,102.6,0.95,85.5,90
48.4,95.04,73.04,100.32,0.92,83.6,88
47.3,92.88,71.38,98.04,0.9,81.7,86
37.4,73.44,56.44,77.52,0.71,64.6,68
34.65,68.04,52.29,71.82,0.66,59.85,63
33,64.8,49.8,68.4,0.63,57,60
34.1,66.96,51.46,70.68,0.65,58.9,62
37.4,73.44,56.44,77.52,0.71,64.6,68
40.7,79.92,61.42,84.36,0.78,70.3,74
40.7,79.92,61.42,84.36,0.78,70.3,74
46.75,91.8,70.55,96.9,0.89,80.75,85
45.1,88.56,68.06,93.48,0.86,77.9,82
37.4,73.44,56.44,77.52,0.71,64.6,68
43.45,85.32,65.57,90.06,0.83,75.05,79
31.35,61.56,47.31,64.98,0.6,54.15,57
29.15,57.24,43.99,60.42,0.56,50.35,53
32.45,63.72,48.97,67.26,0.62,56.05,59
29.15,57.24,43.99,60.42,0.56,50.35,53
28.6,56.16,43.16,59.28,0.55,49.4,52
26.95,52.92,40.67,55.86,0.51,46.55,49
26.4,51.84,39.84,54.72,0.5,45.6,48
29.7,58.32,44.82,61.56,0.57,51.3,54
29.15,57.24,43.99,60.42,0.56,50.35,53
31.35,61.56,47.31,64.98,0.6,54.15,57
29.7,58.32,44.82,61.56,0.57,51.3,54
30.8,60.48,46.48,63.84,0.59,53.2,56
31.35,61.56,47.31,64.98,0.6,54.15,57
29.15,57.24,43.99,60.42,0.56,50.35,53
28.05,55.08,42.33,58.14,0.54,48.45,51
24.75,48.6,37.35,51.3,0.47,42.75,45
26.95,52.92,40.67,55.86,0.51,46.55,49
24.75,48.6,37.35,51.3,0.47,42.75,45
23.65,46.44,35.69,49.02,0.45,40.85,43
22.55,44.28,34.03,46.74,0.43,38.95,41
28.6,56.16,43.16,59.28,0.55,49.4,52
32.45,63.72,48.97,67.26,0.62,56.05,59
31.35,61.56,47.31,64.98,0.6,54.15,57
24.75,48.6,37.35,51.3,0.47,42.75,45
25.3,49.68,38.18,52.44,0.48,43.7,46
26.4,51.84,39.84,54.72,0.5,45.6,48
26.4,51.84,39.84,54.72,0.5,45.6,48
26.4,51.84,39.84,54.72,0.5,45.6,48
30.8,60.48,46.48,63.84,0.59,53.2,56
29.15,57.24,43.99,60.42,0.56,50.35,53
31.9,62.64,48.14,66.12,0.61,55.1,58
32.45,63.72,48.97,67.26,0.62,56.05,59
24.2,47.52,36.52,50.16,0.46,41.8,44
26.4,51.84,39.84,54.72,0.5,45.6,48
23.65,46.44,35.69,49.02,0.45,40.85,43
24.2,47.52,36.52,50.16,0.46,41.8,44
26.4,51.84,39.84,54.72,0.5,45.6,48
33.55,65.88,50.63,69.54,0.64,57.95,61
41.25,81,62.25,85.5,0.79,71.25,75
31.9,62.64,48.14,66.12,0.61,55.1,58
27.5,54,41.5,57,0.53,47.5,50
31.35,61.56,47.31,64.98,0.6,54.15,57
32.45,63.72,48.97,67.26,0.62,56.05,59
33.55,65.88,50.63,69.54,0.64,57.95,61
29.15,57.24,43.99,60.42,0.56,50.35,53
28.6,56.16,43.16,59.28,0.55,49.4,52
25.3,49.68,38.18,52.44,0.48,43.7,46
28.6,56.16,43.16,59.28,0.55,49.4,52
23.1,45.36,34.86,47.88,0.44,39.9,42
20.9,41.04,31.54,43.32,0.4,36.1,38
26.4,51.84,39.84,54.72,0.5,45.6,48
29.7,58.32,44.82,61.56,0.57,51.3,54
23.1,45.36,34.86,47.88,0.44,39.9,42
25.3,49.68,38.18,52.44,0.48,43.7,46
27.5,54,41.5,57,0.53,47.5,50
29.7,58.32,44.82,61.56,0.57,51.3,54
25.3,49.68,38.18,52.44,0.48,43.7,46
25.3,49.68,38.18,52.44,0.48,43.7,46
29.7,58.32,44.82,61.56,0.57,51.3,54
31.35,61.56,47.31,64.98,0.6,54.15,57
29.7,58.32,44.82,61.56,0.57,51.3,54
24.2,47.52,36.52,50.16,0.46,41.8,44
29.7,58.32,44.82,61.56,0.57,51.3,54
28.05,55.08,42.33,58.14,0.54,48.45,51
28.6,56.16,43.16,59.28,0.55,49.4,52
26.4,51.84,39.84,54.72,0.5,45.6,48
33,64.8,49.8,68.4,0.63,57,60
36.3,71.28,54.78,75.24,0.69,62.7,66
34.65,68.04,52.29,71.82,0.66,59.85,63
46.2,90.72,69.72,95.76,0.88,79.8,84
34.1,66.96,51.46,70.68,0.65,58.9,62
33,64.8,49.8,68.4,0.63,57,60
27.5,54,41.5,57,0.53,47.5,50
26.4,51.84,39.84,54.72,0.5,45.6,48
26.4,51.84,39.84,54.72,0.5,45.6,48
29.7,58.32,44.82,61.56,0.57,51.3,54
28.05,55.08,42.33,58.14,0.54,48.45,51
34.65,68.04,52.29,71.82,0.66,59.85,63
32.45,63.72,48.97,67.26,0.62,56.05,59
29.15,57.24,43.99,60.42,0.56,50.35,53
25.85,50.76,39.01,53.58,0.49,44.65,47
23.1,45.36,34.86,47.88,0.44,39.9,42
24.2,47.52,36.52,50.16,0.46,41.8,44
23.65,46.44,35.69,49.02,0.45,40.85,43
24.75,48.6,37.35,51.3,0.47,42.75,45
24.75,48.6,37.35,51.3,0.47,42.75,45
25.3,49.68,38.18,52.44,0.48,43.7,46
25.85,50.76,39.01,53.58,0.49,44.65,47
23.1,45.36,34.86,47.88,0.44,39.9,42
26.95,52.92,40.67,55.86,0.51,46.55,49
27.5,54,41.5,57,0.53,47.5,50
28.05,55.08,42.33,58.14,0.54,48.45,51
35.75,70.2,53.95,74.1,0.68,61.75,65
37.95,74.52,57.27,78.66,0.72,65.55,69
34.1,66.96,51.46,70.68,0.65,58.9,62
32.45,63.72,48.97,67.26,0.62,56.05,59
35.2,69.12,53.12,72.96,0.67,60.8,64
39.6,77.76,59.76,82.08,0.76,68.4,72
32.45,63.72,48.97,67.26,0.62,56.05,59
40.15,78.84,60.59,83.22,0.77,69.35,73
37.4,73.44,56.44,77.52,0.71,64.6,68
38.5,75.6,58.1,79.8,0.74,66.5,70
39.05,76.68,58.93,80.94,0.75,67.45,71
33,64.8,49.8,68.4,0.63,57,60
34.1,66.96,51.46,70.68,0.65,58.9,62
37.4,73.44,56.44,77.52,0.71,64.6,68
40.7,79.92,61.42,84.36,0.78,70.3,74
30.25,59.4,45.65,62.7,0.58,52.25,55
26.4,51.84,39.84,54.72,0.5,45.6,48
29.15,57.24,43.99,60.42,0.56,50.35,53
28.05,55.08,42.33,58.14,0.54,48.45,51
23.65,46.44,35.69,49.02,0.45,40.85,43
24.2,47.52,36.52,50.16,0.46,41.8,44
26.95,52.92,40.67,55.86,0.51,46.55,49
29.7,58.32,44.82,61.56,0.57,51.3,54
32.45,63.72,48.97,67.26,0.62,56.05,59
29.15,57.24,43.99,60.42,0.56,50.35,53
25.85,50.76,39.01,53.58,0.49,44.65,47
25.3,49.68,38.18,52.44,0.48,43.7,46
31.35,61.56,47.31,64.98,0.6,54.15,57
37.4,73.44,56.44,77.52,0.71,64.6,68
33.55,65.88,50.63,69.54,0.64,57.95,61
41.25,81,62.25,85.5,0.79,71.25,75
42.9,84.24,64.74,88.92,0.82,74.1,78
48.95,96.12,73.87,101.46,0.93,84.55,89
44.55,87.48,67.23,92.34,0.85,76.95,81
88,172.8,132.8,182.4,1.68,152,160
51.7,101.52,78.02,107.16,0.99,89.3,94
51.7,101.52,78.02,107.16,0.99,89.3,94
45.65,89.64,68.89,94.62,0.87,78.85,83
37.95,74.52,57.27,78.66,0.72,65.55,69
42.9,84.24,64.74,88.92,0.82,74.1,78
46.75,91.8,70.55,96.9,0.89,80.75,85
56.65,111.24,85.49,117.42,1.08,97.85,103
52.25,102.6,78.85,108.3,1,90.25,95
51.7,101.52,78.02,107.16,0.99,89.3,94
50.05,98.28,75.53,103.74,0.96,86.45,91
50.6,99.36,76.36,104.88,0.97,87.4,92
50.05,98.28,75.53,103.74,0.96,86.45,91
55,108,83,114,1.05,95,100
51.15,100.44,77.19,106.02,0.98,88.35,93
49.5,97.2,74.7,102.6,0.95,85.5,90
47.3,92.88,71.38,98.04,0.9,81.7,86
56.1,110.16,84.66,116.28,1.07,96.9,102
45.65,89.64,68.89,94.62,0.87,78.85,83
45.1,88.56,68.06,93.48,0.86,77.9,82
46.75,91.8,70.55,96.9,0.89,80.75,85
47.85,93.96,72.21,99.18,0.91,82.65,87
58.3,114.48,87.98,120.84,1.11,100.7,106
58.85,115.56,88.81,121.98,1.12,101.65,107
57.2,112.32,86.32,118.56,1.09,98.8,104
64.9,127.44,97.94,134.52,1.24,112.1,118
71.5,140.4,107.9,148.2,1.37,123.5,130
61.05,119.88,92.13,126.54,1.17,105.45,111
78.65,154.44,118.69,163.02,1.5,135.85,143
56.65,111.24,85.49,117.42,1.08,97.85,103
61.6,120.96,92.96,127.68,1.18,106.4,112
54.45,106.92,82.17,112.86,1.04,94.05,99
65.45,128.52,98.77,135.66,1.25,113.05,119
65.45,128.52,98.77,135.66,1.25,113.05,119
62.15,122.04,93.79,128.82,1.19,107.35,113
57.75,113.4,87.15,119.7,1.1,99.75,105
64.35,126.36,97.11,133.38,1.23,111.15,117
67.65,132.84,102.09,140.22,1.29,116.85,123
65.45,128.52,98.77,135.66,1.25,113.05,119
52.8,103.68,79.68,109.44,1.01,91.2,96
53.9,105.84,81.34,111.72,1.03,93.1,98
68.2,133.92,102.92,141.36,1.3,117.8,124
62.15,122.04,93.79,128.82,1.19,107.35,113
64.35,126.36,97.11,133.38,1.23,111.15,117
61.05,119.88,92.13,126.54,1.17,105.45,111
58.85,115.56,88.81,121.98,1.12,101.65,107
53.9,105.84,81.34,111.72,1.03,93.1,98
44.55,87.48,67.23,92.34,0.85,76.95,81
30.25,59.4,45.65,62.7,0.58,52.25,55
31.9,62.64,48.14,66.12,0.61,55.1,58
31.9,62.64,48.14,66.12,0.61,55.1,58
48.4,95.04,73.04,100.32,0.92,83.6,88
52.8,103.68,79.68,109.44,1.01,91.2,96
61.05,119.88,92.13,126.54,1.17,105.45,111
55.55,109.08,83.83,115.14,1.06,95.95,101
59.4,116.64,89.64,123.12,1.13,102.6,108
66.55,130.68,100.43,137.94,1.27,114.95,121
62.15,122.04,93.79,128.82,1.19,107.35,113
66,129.6,99.6,136.8,1.26,114,120
58.3,114.48,87.98,120.84,1.11,100.7,106
65.45,128.52,98.77,135.66,1.25,113.05,119
48.4,95.04,73.04,100.32,0.92,83.6,88
37.4,73.44,56.44,77.52,0.71,64.6,68
35.2,69.12,53.12,72.96,0.67,60.8,64
36.3,71.28,54.78,75.24,0.69,62.7,66
48.95,96.12,73.87,101.46,0.93,84.55,89
57.2,112.32,86.32,118.56,1.09,98.8,104
59.95,117.72,90.47,124.26,1.14,103.55,109
53.35,104.76,80.51,110.58,1.02,92.15,97
48.4,95.04,73.04,100.32,0.92,83.6,88
52.25,102.6,78.85,108.3,1,90.25,95
47.85,93.96,72.21,99.18,0.91,82.65,87
56.1,110.16,84.66,116.28,1.07,96.9,102
73.7,144.72,111.22,152.76,1.41,127.3,134
70.4,138.24,106.24,145.92,1.34,121.6,128
64.35,126.36,97.11,133.38,1.23,111.15,117
56.65,111.24,85.49,117.42,1.08,97.85,103
61.6,120.96,92.96,127.68,1.18,106.4,112
71.5,140.4,107.9,148.2,1.37,123.5,130
62.7,123.12,94.62,129.96,1.2,108.3,114
61.6,120.96,92.96,127.68,1.18,106.4,112
51.7,101.52,78.02,107.16,0.99,89.3,94
56.65,111.24,85.49,117.42,1.08,97.85,103
41.8,82.08,63.08,86.64,0.8,72.2,76
40.7,79.92,61.42,84.36,0.78,70.3,74
40.7,79.92,61.42,84.36,0.78,70.3,74
45.65,89.64,68.89,94.62,0.87,78.85,83
51.7,101.52,78.02,107.16,0.99,89.3,94
53.9,105.84,81.34,111.72,1.03,93.1,98
53.35,104.76,80.51,110.58,1.02,92.15,97
61.6,120.96,92.96,127.68,1.18,106.4,112
45.1,88.56,68.06,93.48,0.86,77.9,82
41.8,82.08,63.08,86.64,0.8,72.2,76
46.75,91.8,70.55,96.9,0.89,80.75,85
56.65,111.24,85.49,117.42,1.08,97.85,103
62.7,123.12,94.62,129.96,1.2,108.3,114
58.3,114.48,87.98,120.84,1.11,100.7,106
60.5,118.8,91.3,125.4,1.16,104.5,110
50.6,99.36,76.36,104.88,0.97,87.4,92
66.55,130.68,100.43,137.94,1.27,114.95,121
61.6,120.96,92.96,127.68,1.18,106.4,112
50.05,98.28,75.53,103.74,0.96,86.45,91
63.8,125.28,96.28,132.24,1.22,110.2,116
62.15,122.04,93.79,128.82,1.19,107.35,113
61.6,120.96,92.96,127.68,1.18,106.4,112
57.2,112.32,86.32,118.56,1.09,98.8,104
56.1,110.16,84.66,116.28,1.07,96.9,102
61.6,120.96,92.96,127.68,1.18,106.4,112
62.7,123.12,94.62,129.96,1.2,108.3,114
61.05,119.88,92.13,126.54,1.17,105.45,111
63.8,125.28,96.28,132.24,1.22,110.2,116
57.2,112.32,86.32,118.56,1.09,98.8,104
57.2,112.32,86.32,118.56,1.09,98.8,104
61.6,120.96,92.96,127.68,1.18,106.4,112
61.05,119.88,92.13,126.54,1.17,105.45,111
57.2,112.32,86.32,118.56,1.09,98.8,104
56.65,111.24,85.49,117.42,1.08,97.85,103
47.85,93.96,72.21,99.18,0.91,82.65,87
50.6,99.36,76.36,104.88,0.97,87.4,92
55,108,83,114,1.05,95,100
62.15,122.04,93.79,128.82,1.19,107.35,113
59.95,117.72,90.47,124.26,1.14,103.55,109
61.6,120.96,92.96,127.68,1.18,106.4,112
55.55,109.08,83.83,115.14,1.06,95.95,101
53.9,105.84,81.34,111.72,1.03,93.1,98
47.85,93.96,72.21,99.18,0.91,82.65,87
50.6,99.36,76.36,104.88,0.97,87.4,92
45.1,88.56,68.06,93.48,0.86,77.9,82
51.7,101.52,78.02,107.16,0.99,89.3,94
57.75,113.4,87.15,119.7,1.1,99.75,105
56.65,111.24,85.49,117.42,1.08,97.85,103
61.05,119.88,92.13,126.54,1.17,105.45,111
59.4,116.64,89.64,123.12,1.13,102.6,108
52.8,103.68,79.68,109.44,1.01,91.2,96
44,86.4,66.4,91.2,0.84,76,80
54.45,106.92,82.17,112.86,1.04,94.05,99
48.95,96.12,73.87,101.46,0.93,84.55,89
55.55,109.08,83.83,115.14,1.06,95.95,101
49.5,97.2,74.7,102.6,0.95,85.5,90
46.2,90.72,69.72,95.76,0.88,79.8,84
51.15,100.44,77.19,106.02,0.98,88.35,93
53.9,105.84,81.34,111.72,1.03,93.1,98
53.35,104.76,80.51,110.58,1.02,92.15,97
42.9,84.24,64.74,88.92,0.82,74.1,78
39.6,77.76,59.76,82.08,0.76,68.4,72
37.95,74.52,57.27,78.66,0.72,65.55,69
47.85,93.96,72.21,99.18,0.91,82.65,87
51.15,100.44,77.19,106.02,0.98,88.35,93
53.35,104.76,80.51,110.58,1.02,92.15,97
52.25,102.6,78.85,108.3,1,90.25,95
48.4,95.04,73.04,100.32,0.92,83.6,88
46.75,91.8,70.55,96.9,0.89,80.75,85
49.5,97.2,74.7,102.6,0.95,85.5,90
44.55,87.48,67.23,92.34,0.85,76.95,81
53.9,105.84,81.34,111.72,1.03,93.1,98
50.05,98.28,75.53,103.74,0.96,86.45,91
43.45,85.32,65.57,90.06,0.83,75.05,79
46.75,91.8,70.55,96.9,0.89,80.75,85
49.5,97.2,74.7,102.6,0.95,85.5,90
49.5,97.2,74.7,102.6,0.95,85.5,90
40.7,79.92,61.42,84.36,0.78,70.3,74
40.7,79.92,61.42,84.36,0.78,70.3,74
42.9,84.24,64.74,88.92,0.82,74.1,78
52.25,102.6,78.85,108.3,1,90.25,95
51.15,100.44,77.19,106.02,0.98,88.35,93
48.95,96.12,73.87,101.46,0.93,84.55,89
52.25,102.6,78.85,108.3,1,90.25,95
52.25,102.6,78.85,108.3,1,90.25,95
52.25,102.6,78.85,108.3,1,90.25,95
52.8,103.68,79.68,109.44,1.01,91.2,96
55.55,109.08,83.83,115.14,1.06,95.95,101
57.2,112.32,86.32,118.56,1.09,98.8,104
47.85,93.96,72.21,99.18,0.91,82.65,87
50.6,99.36,76.36,104.88,0.97,87.4,92
52.8,103.68,79.68,109.44,1.01,91.2,96
58.3,114.48,87.98,120.84,1.11,100.7,106
58.85,115.56,88.81,121.98,1.12,101.65,107
56.1,110.16,84.66,116.28,1.07,96.9,102
51.15,100.44,77.19,106.02,0.98,88.35,93
40.7,79.92,61.42,84.36,0.78,70.3,74
47.3,92.88,71.38,98.04,0.9,81.7,86
36.85,72.36,55.61,76.38,0.7,63.65,67
34.65,68.04,52.29,71.82,0.66,59.85,63
30.25,59.4,45.65,62.7,0.58,52.25,55
47.3,92.88,71.38,98.04,0.9,81.7,86
52.8,103.68,79.68,109.44,1.01,91.2,96
41.8,82.08,63.08,86.64,0.8,72.2,76
40.7,79.92,61.42,84.36,0.78,70.3,74
28.6,56.16,43.16,59.28,0.55,49.4,52
36.3,71.28,54.78,75.24,0.69,62.7,66
34.1,66.96,51.46,70.68,0.65,58.9,62
37.4,73.44,56.44,77.52,0.71,64.6,68
36.85,72.36,55.61,76.38,0.7,63.65,67
44.55,87.48,67.23,92.34,0.85,76.95,81
39.6,77.76,59.76,82.08,0.76,68.4,72
42.35,83.16,63.91,87.78,0.81,73.15,77
42.35,83.16,63.91,87.78,0.81,73.15,77
44,86.4,66.4,91.2,0.84,76,80
59.95,117.72,90.47,124.26,1.14,103.55,109
52.25,102.6,78.85,108.3,1,90.25,95
59.95,117.72,90.47,124.26,1.14,103.55,109
51.7,101.52,78.02,107.16,0.99,89.3,94
46.2,90.72,69.72,95.76,0.88,79.8,84
47.3,92.88,71.38,98.04,0.9,81.7,86
44,86.4,66.4,91.2,0.84,76,80
52.8,103.68,79.68,109.44,1.01,91.2,96
50.05,98.28,75.53,103.74,0.96,86.45,91
53.9,105.84,81.34,111.72,1.03,93.1,98
44.55,87.48,67.23,92.34,0.85,76.95,81
42.9,84.24,64.74,88.92,0.82,74.1,78
50.05,98.28,75.53,103.74,0.96,86.45,91
46.2,90.72,69.72,95.76,0.88,79.8,84
44,86.4,66.4,91.2,0.84,76,80
42.9,84.24,64.74,88.92,0.82,74.1,78
42.35,83.16,63.91,87.78,0.81,73.15,77
46.75,91.8,70.55,96.9,0.89,80.75,85
56.65,111.24,85.49,117.42,1.08,97.85,103
49.5,97.2,74.7,102.6,0.95,85.5,90
48.4,95.04,73.04,100.32,0.92,83.6,88
47.85,93.96,72.21,99.18,0.91,82.65,87
52.8,103.68,79.68,109.44,1.01,91.2,96
48.4,95.04,73.04,100.32,0.92,83.6,88
43.45,85.32,65.57,90.06,0.83,75.05,79
33.55,65.88,50.63,69.54,0.64,57.95,61
48.95,96.12,73.87,101.46,0.93,84.55,89
43.45,85.32,65.57,90.06,0.83,75.05,79
34.1,66.96,51.46,70.68,0.65,58.9,62
39.6,77.76,59.76,82.08,0.76,68.4,72
38.5,75.6,58.1,79.8,0.74,66.5,70
31.35,61.56,47.31,64.98,0.6,54.15,57
30.8,60.48,46.48,63.84,0.59,53.2,56
38.5,75.6,58.1,79.8,0.74,66.5,70
37.95,74.52,57.27,78.66,0.72,65.55,69
37.95,74.52,57.27,78.66,0.72,65.55,69
44,86.4,66.4,91.2,0.84,76,80
36.85,72.36,55.61,76.38,0.7,63.65,67
45.1,88.56,68.06,93.48,0.86,77.9,82
42.9,84.24,64.74,88.92,0.82,74.1,78
57.75,113.4,87.15,119.7,1.1,99.75,105
50.05,98.28,75.53,103.74,0.96,86.45,91
37.4,73.44,56.44,77.52,0.71,64.6,68
39.6,77.76,59.76,82.08,0.76,68.4,72
35.75,70.2,53.95,74.1,0.68,61.75,65
28.6,56.16,43.16,59.28,0.55,49.4,52
30.8,60.48,46.48,63.84,0.59,53.2,56
33.55,65.88,50.63,69.54,0.64,57.95,61
30.25,59.4,45.65,62.7,0.58,52.25,55
31.35,61.56,47.31,64.98,0.6,54.15,57
30.8,60.48,46.48,63.84,0.59,53.2,56
30.25,59.4,45.65,62.7,0.58,52.25,55
31.9,62.64,48.14,66.12,0.61,55.1,58
32.45,63.72,48.97,67.26,0.62,56.05,59
29.15,57.24,43.99,60.42,0.56,50.35,53
31.35,61.56,47.31,64.98,0.6,54.15,57
29.7,58.32,44.82,61.56,0.57,51.3,54
27.5,54,41.5,57,0.53,47.5,50
34.65,68.04,52.29,71.82,0.66,59.85,63
28.05,55.08,42.33,58.14,0.54,48.45,51
33,64.8,49.8,68.4,0.63,57,60
40.7,79.92,61.42,84.36,0.78,70.3,74
40.15,78.84,60.59,83.22,0.77,69.35,73
34.65,68.04,52.29,71.82,0.66,59.85,63
31.9,62.64,48.14,66.12,0.61,55.1,58
30.8,60.48,46.48,63.84,0.59,53.2,56
31.35,61.56,47.31,64.98,0.6,54.15,57
28.6,56.16,43.16,59.28,0.55,49.4,52
26.95,52.92,40.67,55.86,0.51,46.55,49
28.6,56.16,43.16,59.28,0.55,49.4,52
26.95,52.92,40.67,55.86,0.51,46.55,49
31.9,62.64,48.14,66.12,0.61,55.1,58
33,64.8,49.8,68.4,0.63,57,60
28.05,55.08,42.33,58.14,0.54,48.45,51
30.25,59.4,45.65,62.7,0.58,52.25,55
24.75,48.6,37.35,51.3,0.47,42.75,45
28.05,55.08,42.33,58.14,0.54,48.45,51
26.95,52.92,40.67,55.86,0.51,46.55,49
28.05,55.08,42.33,58.14,0.54,48.45,51
33,64.8,49.8,68.4,0.63,57,60
33,64.8,49.8,68.4,0.63,57,60
30.8,60.48,46.48,63.84,0.59,53.2,56
29.7,58.32,44.82,61.56,0.57,51.3,54
33,64.8,49.8,68.4,0.63,57,60
34.65,68.04,52.29,71.82,0.66,59.85,63
35.2,69.12,53.12,72.96,0.67,60.8,64
34.1,66.96,51.46,70.68,0.65,58.9,62
33.55,65.88,50.63,69.54,0.64,57.95,61
33.55,65.88,50.63,69.54,0.64,57.95,61
38.5,75.6,58.1,79.8,0.74,66.5,70
37.4,73.44,56.44,77.52,0.71,64.6,68
47.3,92.88,71.38,98.04,0.9,81.7,86
44.55,87.48,67.23,92.34,0.85,76.95,81
44,86.4,66.4,91.2,0.84,76,80
42.35,83.16,63.91,87.78,0.81,73.15,77
50.05,98.28,75.53,103.74,0.96,86.45,91
40.15,78.84,60.59,83.22,0.77,69.35,73
44,86.4,66.4,91.2,0.84,76,80
43.45,85.32,65.57,90.06,0.83,75.05,79
45.1,88.56,68.06,93.48,0.86,77.9,82
41.8,82.08,63.08,86.64,0.8,72.2,76
40.7,79.92,61.42,84.36,0.78,70.3,74
39.6,77.76,59.76,82.08,0.76,68.4,72
41.25,81,62.25,85.5,0.79,71.25,75
41.8,82.08,63.08,86.64,0.8,72.2,76
40.7,79.92,61.42,84.36,0.78,70.3,74
40.7,79.92,61.42,84.36,0.78,70.3,74
35.75,70.2,53.95,74.1,0.68,61.75,65
36.85,72.36,55.61,76.38,0.7,63.65,67
39.05,76.68,58.93,80.94,0.75,67.45,71
40.7,79.92,61.42,84.36,0.78,70.3,74
51.7,101.52,78.02,107.16,0.99,89.3,94
58.85,115.56,88.81,121.98,1.12,101.65,107
53.9,105.84,81.34,111.72,1.03,93.1,98
46.75,91.8,70.55,96.9,0.89,80.75,85
37.4,73.44,56.44,77.52,0.71,64.6,68
31.9,62.64,48.14,66.12,0.61,55.1,58
34.65,68.04,52.29,71.82,0.66,59.85,63
33,64.8,49.8,68.4,0.63,57,60
45.1,88.56,68.06,93.48,0.86,77.9,82
29.15,57.24,43.99,60.42,0.56,50.35,53
28.6,56.16,43.16,59.28,0.55,49.4,52
29.15,57.24,43.99,60.42,0.56,50.35,53
36.3,71.28,54.78,75.24,0.69,62.7,66
37.95,74.52,57.27,78.66,0.72,65.55,69
34.1,66.96,51.46,70.68,0.65,58.9,62
36.3,71.28,54.78,75.24,0.69,62.7,66
30.8,60.48,46.48,63.84,0.59,53.2,56
29.7,58.32,44.82,61.56,0.57,51.3,54
28.6,56.16,43.16,59.28,0.55,49.4,52
32.45,63.72,48.97,67.26,0.62,56.05,59
33,64.8,49.8,68.4,0.63,57,60
36.85,72.36,55.61,76.38,0.7,63.65,67
35.75,70.2,53.95,74.1,0.68,61.75,65
34.65,68.04,52.29,71.82,0.66,59.85,63
35.75,70.2,53.95,74.1,0.68,61.75,65
35.75,70.2,53.95,74.1,0.68,61.75,65
29.15,57.24,43.99,60.42,0.56,50.35,53
39.05,76.68,58.93,80.94,0.75,67.45,71
42.35,83.16,63.91,87.78,0.81,73.15,77
41.25,81,62.25,85.5,0.79,71.25,75
35.75,70.2,53.95,74.1,0.68,61.75,65
38.5,75.6,58.1,79.8,0.74,66.5,70
31.35,61.56,47.31,64.98,0.6,54.15,57
33.55,65.88,50.63,69.54,0.64,57.95,61
45.65,89.64,68.89,94.62,0.87,78.85,83
51.7,101.52,78.02,107.16,0.99,89.3,94
53.35,104.76,80.51,110.58,1.02,92.15,97
51.7,101.52,78.02,107.16,0.99,89.3,94
48.4,95.04,73.04,100.32,0.92,83.6,88
50.6,99.36,76.36,104.88,0.97,87.4,92
52.8,103.68,79.68,109.44,1.01,91.2,96
57.75,113.4,87.15,119.7,1.1,99.75,105
57.2,112.32,86.32,118.56,1.09,98.8,104
56.1,110.16,84.66,116.28,1.07,96.9,102
58.3,114.48,87.98,120.84,1.11,100.7,106
58.3,114.48,87.98,120.84,1.11,100.7,106
48.4,95.04,73.04,100.32,0.92,83.6,88
49.5,97.2,74.7,102.6,0.95,85.5,90
46.75,91.8,70.55,96.9,0.89,80.75,85
47.3,92.88,71.38,98.04,0.9,81.7,86
52.8,103.68,79.68,109.44,1.01,91.2,96
54.45,106.92,82.17,112.86,1.04,94.05,99
51.7,101.52,78.02,107.16,0.99,89.3,94
51.7,101.52,78.02,107.16,0.99,89.3,94
48.95,96.12,73.87,101.46,0.93,84.55,89
42.35,83.16,63.91,87.78,0.81,73.15,77
46.2,90.72,69.72,95.76,0.88,79.8,84
48.95,96.12,73.87,101.46,0.93,84.55,89
48.95,96.12,73.87,101.46,0.93,84.55,89
49.5,97.2,74.7,102.6,0.95,85.5,90
46.2,90.72,69.72,95.76,0.88,79.8,84
54.45,106.92,82.17,112.86,1.04,94.05,99
55.55,109.08,83.83,115.14,1.06,95.95,101
52.8,103.68,79.68,109.44,1.01,91.2,96
50.6,99.36,76.36,104.88,0.97,87.4,92
40.15,78.84,60.59,83.22,0.77,69.35,73
41.25,81,62.25,85.5,0.79,71.25,75
53.9,105.84,81.34,111.72,1.03,93.1,98
48.95,96.12,73.87,101.46,0.93,84.55,89
36.3,71.28,54.78,75.24,0.69,62.7,66
31.9,62.64,48.14,66.12,0.61,55.1,58
37.95,74.52,57.27,78.66,0.72,65.55,69
53.35,104.76,80.51,110.58,1.02,92.15,97
51.7,101.52,78.02,107.16,0.99,89.3,94
68.75,135,103.75,142.5,1.31,118.75,125
94.05,184.68,141.93,194.94,1.8,162.45,171
67.65,132.84,102.09,140.22,1.29,116.85,123
70.4,138.24,106.24,145.92,1.34,121.6,128
75.9,149.04,114.54,157.32,1.45,131.1,138
63.25,124.2,95.45,131.1,1.21,109.25,115
59.95,117.72,90.47,124.26,1.14,103.55,109
47.85,93.96,72.21,99.18,0.91,82.65,87
40.7,79.92,61.42,84.36,0.78,70.3,74
45.1,88.56,68.06,93.48,0.86,77.9,82
40.7,79.92,61.42,84.36,0.78,70.3,74
39.05,76.68,58.93,80.94,0.75,67.45,71
33.55,65.88,50.63,69.54,0.64,57.95,61
46.75,91.8,70.55,96.9,0.89,80.75,85
51.15,100.44,77.19,106.02,0.98,88.35,93
61.6,120.96,92.96,127.68,1.18,106.4,112
45.65,89.64,68.89,94.62,0.87,78.85,83
36.3,71.28,54.78,75.24,0.69,62.7,66
32.45,63.72,48.97,67.26,0.62,56.05,59
39.05,76.68,58.93,80.94,0.75,67.45,71
46.75,91.8,70.55,96.9,0.89,80.75,85
37.95,74.52,57.27,78.66,0.72,65.55,69
37.95,74.52,57.27,78.66,0.72,65.55,69
39.6,77.76,59.76,82.08,0.76,68.4,72
33.55,65.88,50.63,69.54,0.64,57.95,61
31.9,62.64,48.14,66.12,0.61,55.1,58
34.1,66.96,51.46,70.68,0.65,58.9,62
40.7,79.92,61.42,84.36,0.78,70.3,74
43.45,85.32,65.57,90.06,0.83,75.05,79
50.6,99.36,76.36,104.88,0.97,87.4,92
45.1,88.56,68.06,93.48,0.86,77.9,82
45.1,88.56,68.06,93.48,0.86,77.9,82
51.7,101.52,78.02,107.16,0.99,89.3,94
50.6,99.36,76.36,104.88,0.97,87.4,92
59.4,116.64,89.64,123.12,1.13,102.6,108
63.25,124.2,95.45,131.1,1.21,109.25,115
64.9,127.44,97.94,134.52,1.24,112.1,118
53.35,104.76,80.51,110.58,1.02,92.15,97
69.85,137.16,105.41,144.78,1.33,120.65,127
61.6,120.96,92.96,127.68,1.18,106.4,112
68.75,135,103.75,142.5,1.31,118.75,125
72.05,141.48,108.73,149.34,1.38,124.45,131
68.2,133.92,102.92,141.36,1.3,117.8,124
73.7,144.72,111.22,152.76,1.41,127.3,134
66.55,130.68,100.43,137.94,1.27,114.95,121
66,129.6,99.6,136.8,1.26,114,120
62.15,122.04,93.79,128.82,1.19,107.35,113
53.9,105.84,81.34,111.72,1.03,93.1,98
49.5,97.2,74.7,102.6,0.95,85.5,90
51.15,100.44,77.19,106.02,0.98,88.35,93
59.4,116.64,89.64,123.12,1.13,102.6,108
59.95,117.72,90.47,124.26,1.14,103.55,109
61.05,119.88,92.13,126.54,1.17,105.45,111
68.2,133.92,102.92,141.36,1.3,117.8,124
48.4,95.04,73.04,100.32,0.92,83.6,88
40.7,79.92,61.42,84.36,0.78,70.3,74
40.7,79.92,61.42,84.36,0.78,70.3,74
46.75,91.8,70.55,96.9,0.89,80.75,85
49.5,97.2,74.7,102.6,0.95,85.5,90
55,108,83,114,1.05,95,100
59.95,117.72,90.47,124.26,1.14,103.55,109
56.1,110.16,84.66,116.28,1.07,96.9,102
53.35,104.76,80.51,110.58,1.02,92.15,97
66,129.6,99.6,136.8,1.26,114,120
53.9,105.84,81.34,111.72,1.03,93.1,98
52.8,103.68,79.68,109.44,1.01,91.2,96
49.5,97.2,74.7,102.6,0.95,85.5,90
40.7,79.92,61.42,84.36,0.78,70.3,74
42.9,84.24,64.74,88.92,0.82,74.1,78
36.85,72.36,55.61,76.38,0.7,63.65,67
45.1,88.56,68.06,93.48,0.86,77.9,82
45.1,88.56,68.06,93.48,0.86,77.9,82
39.05,76.68,58.93,80.94,0.75,67.45,71
41.8,82.08,63.08,86.64,0.8,72.2,76
57.2,112.32,86.32,118.56,1.09,98.8,104
53.9,105.84,81.34,111.72,1.03,93.1,98
43.45,85.32,65.57,90.06,0.83,75.05,79
59.4,116.64,89.64,123.12,1.13,102.6,108
56.1,110.16,84.66,116.28,1.07,96.9,102
53.35,104.76,80.51,110.58,1.02,92.15,97
42.9,84.24,64.74,88.92,0.82,74.1,78
40.15,78.84,60.59,83.22,0.77,69.35,73
52.8,103.68,79.68,109.44,1.01,91.2,96
43.45,85.32,65.57,90.06,0.83,75.05,79
49.5,97.2,74.7,102.6,0.95,85.5,90
43.45,85.32,65.57,90.06,0.83,75.05,79
42.9,84.24,64.74,88.92,0.82,74.1,78
43.45,85.32,65.57,90.06,0.83,75.05,79
55,108,83,114,1.05,95,100
48.95,96.12,73.87,101.46,0.93,84.55,89
42.9,84.24,64.74,88.92,0.82,74.1,78
46.2,90.72,69.72,95.76,0.88,79.8,84
41.25,81,62.25,85.5,0.79,71.25,75
38.5,75.6,58.1,79.8,0.74,66.5,70
38.5,75.6,58.1,79.8,0.74,66.5,70
40.7,79.92,61.42,84.36,0.78,70.3,74
40.15,78.84,60.59,83.22,0.77,69.35,73
40.7,79.92,61.42,84.36,0.78,70.3,74
45.65,89.64,68.89,94.62,0.87,78.85,83
51.15,100.44,77.19,106.02,0.98,88.35,93
43.45,85.32,65.57,90.06,0.83,75.05,79
45.1,88.56,68.06,93.48,0.86,77.9,82
51.7,101.52,78.02,107.16,0.99,89.3,94
50.6,99.36,76.36,104.88,0.97,87.4,92
46.75,91.8,70.55,96.9,0.89,80.75,85
42.9,84.24,64.74,88.92,0.82,74.1,78
41.8,82.08,63.08,86.64,0.8,72.2,76
36.85,72.36,55.61,76.38,0.7,63.65,67
41.8,82.08,63.08,86.64,0.8,72.2,76
41.8,82.08,63.08,86.64,0.8,72.2,76
46.2,90.72,69.72,95.76,0.88,79.8,84
42.35,83.16,63.91,87.78,0.81,73.15,77
44,86.4,66.4,91.2,0.84,76,80
46.2,90.72,69.72,95.76,0.88,79.8,84
48.95,96.12,73.87,101.46,0.93,84.55,89
50.05,98.28,75.53,103.74,0.96,86.45,91
45.65,89.64,68.89,94.62,0.87,78.85,83
47.3,92.88,71.38,98.04,0.9,81.7,86
47.85,93.96,72.21,99.18,0.91,82.65,87
44,86.4,66.4,91.2,0.84,76,80
37.95,74.52,57.27,78.66,0.72,65.55,69
45.65,89.64,68.89,94.62,0.87,78.85,83
48.4,95.04,73.04,100.32,0.92,83.6,88
52.25,102.6,78.85,108.3,1,90.25,95
53.9,105.84,81.34,111.72,1.03,93.1,98
46.2,90.72,69.72,95.76,0.88,79.8,84
40.7,79.92,61.42,84.36,0.78,70.3,74
36.85,72.36,55.61,76.38,0.7,63.65,67
39.05,76.68,58.93,80.94,0.75,67.45,71
40.15,78.84,60.59,83.22,0.77,69.35,73
42.35,83.16,63.91,87.78,0.81,73.15,77
44.55,87.48,67.23,92.34,0.85,76.95,81
46.75,91.8,70.55,96.9,0.89,80.75,85
46.2,90.72,69.72,95.76,0.88,79.8,84
51.15,100.44,77.19,106.02,0.98,88.35,93
50.05,98.28,75.53,103.74,0.96,86.45,91
45.65,89.64,68.89,94.62,0.87,78.85,83
45.1,88.56,68.06,93.48,0.86,77.9,82
47.85,93.96,72.21,99.18,0.91,82.65,87
45.65,89.64,68.89,94.62,0.87,78.85,83
49.5,97.2,74.7,102.6,0.95,85.5,90
48.4,95.04,73.04,100.32,0.92,83.6,88
52.25,102.6,78.85,108.3,1,90.25,95
47.3,92.88,71.38,98.04,0.9,81.7,86
47.3,92.88,71.38,98.04,0.9,81.7,86
47.3,92.88,71.38,98.04,0.9,81.7,86
52.25,102.6,78.85,108.3,1,90.25,95
49.5,97.2,74.7,102.6,0.95,85.5,90
48.95,96.12,73.87,101.46,0.93,84.55,89
46.2,90.72,69.72,95.76,0.88,79.8,84
42.9,84.24,64.74,88.92,0.82,74.1,78
40.15,78.84,60.59,83.22,0.77,69.35,73
41.25,81,62.25,85.5,0.79,71.25,75
40.15,78.84,60.59,83.22,0.77,69.35,73
42.35,83.16,63.91,87.78,0.81,73.15,77
40.7,79.92,61.42,84.36,0.78,70.3,74
49.5,97.2,74.7,102.6,0.95,85.5,90
48.4,95.04,73.04,100.32,0.92,83.6,88
48.95,96.12,73.87,101.46,0.93,84.55,89
47.3,92.88,71.38,98.04,0.9,81.7,86
45.65,89.64,68.89,94.62,0.87,78.85,83
45.1,88.56,68.06,93.48,0.86,77.9,82
46.2,90.72,69.72,95.76,0.88,79.8,84
43.45,85.32,65.57,90.06,0.83,75.05,79
48.4,95.04,73.04,100.32,0.92,83.6,88
45.1,88.56,68.06,93.48,0.86,77.9,82
41.25,81,62.25,85.5,0.79,71.25,75
56.1,110.16,84.66,116.28,1.07,96.9,102
65.45,128.52,98.77,135.66,1.25,113.05,119
63.8,125.28,96.28,132.24,1.22,110.2,116
40.15,78.84,60.59,83.22,0.77,69.35,73
48.4,95.04,73.04,100.32,0.92,83.6,88
49.5,97.2,74.7,102.6,0.95,85.5,90
51.15,100.44,77.19,106.02,0.98,88.35,93
52.25,102.6,78.85,108.3,1,90.25,95
52.25,102.6,78.85,108.3,1,90.25,95
47.85,93.96,72.21,99.18,0.91,82.65,87
44.55,87.48,67.23,92.34,0.85,76.95,81
32.45,63.72,48.97,67.26,0.62,56.05,59
35.2,69.12,53.12,72.96,0.67,60.8,64
35.2,69.12,53.12,72.96,0.67,60.8,64
41.25,81,62.25,85.5,0.79,71.25,75
40.15,78.84,60.59,83.22,0.77,69.35,73
38.5,75.6,58.1,79.8,0.74,66.5,70
44.55,87.48,67.23,92.34,0.85,76.95,81
41.8,82.08,63.08,86.64,0.8,72.2,76
44,86.4,66.4,91.2,0.84,76,80
31.9,62.64,48.14,66.12,0.61,55.1,58
33,64.8,49.8,68.4,0.63,57,60
38.5,75.6,58.1,79.8,0.74,66.5,70
24.2,47.52,36.52,50.16,0.46,41.8,44
32.45,63.72,48.97,67.26,0.62,56.05,59
39.05,76.68,58.93,80.94,0.75,67.45,71
41.8,82.08,63.08,86.64,0.8,72.2,76
38.5,75.6,58.1,79.8,0.74,66.5,70
39.6,77.76,59.76,82.08,0.76,68.4,72
41.8,82.08,63.08,86.64,0.8,72.2,76
33.55,65.88,50.63,69.54,0.64,57.95,61
35.75,70.2,53.95,74.1,0.68,61.75,65
39.6,77.76,59.76,82.08,0.76,68.4,72
40.7,79.92,61.42,84.36,0.78,70.3,74
45.1,88.56,68.06,93.48,0.86,77.9,82
51.7,101.52,78.02,107.16,0.99,89.3,94
46.75,91.8,70.55,96.9,0.89,80.75,85
36.3,71.28,54.78,75.24,0.69,62.7,66
31.9,62.64,48.14,66.12,0.61,55.1,58
34.65,68.04,52.29,71.82,0.66,59.85,63
34.65,68.04,52.29,71.82,0.66,59.85,63
31.9,62.64,48.14,66.12,0.61,55.1,58
36.3,71.28,54.78,75.24,0.69,62.7,66
38.5,75.6,58.1,79.8,0.74,66.5,70
34.65,68.04,52.29,71.82,0.66,59.85,63
38.5,75.6,58.1,79.8,0.74,66.5,70
31.9,62.64,48.14,66.12,0.61,55.1,58
31.35,61.56,47.31,64.98,0.6,54.15,57
29.7,58.32,44.82,61.56,0.57,51.3,54
26.4,51.84,39.84,54.72,0.5,45.6,48
25.3,49.68,38.18,52.44,0.48,43.7,46
25.3,49.68,38.18,52.44,0.48,43.7,46
31.35,61.56,47.31,64.98,0.6,54.15,57
28.6,56.16,43.16,59.28,0.55,49.4,52
28.05,55.08,42.33,58.14,0.54,48.45,51
30.8,60.48,46.48,63.84,0.59,53.2,56
34.65,68.04,52.29,71.82,0.66,59.85,63
33.55,65.88,50.63,69.54,0.64,57.95,61
28.6,56.16,43.16,59.28,0.55,49.4,52
28.6,56.16,43.16,59.28,0.55,49.4,52
30.25,59.4,45.65,62.7,0.58,52.25,55
30.25,59.4,45.65,62.7,0.58,52.25,55
29.7,58.32,44.82,61.56,0.57,51.3,54
31.35,61.56,47.31,64.98,0.6,54.15,57
28.6,56.16,43.16,59.28,0.55,49.4,52
35.75,70.2,53.95,74.1,0.68,61.75,65
50.6,99.36,76.36,104.88,0.97,87.4,92
20.35,39.96,30.71,42.18,0.39,35.15,37
27.5,54,41.5,57,0.53,47.5,50
29.7,58.32,44.82,61.56,0.57,51.3,54
31.35,61.56,47.31,64.98,0.6,54.15,57
29.7,58.32,44.82,61.56,0.57,51.3,54
27.5,54,41.5,57,0.53,47.5,50
31.35,61.56,47.31,64.98,0.6,54.15,57
36.3,71.28,54.78,75.24,0.69,62.7,66
29.7,58.32,44.82,61.56,0.57,51.3,54
30.8,60.48,46.48,63.84,0.59,53.2,56
29.7,58.32,44.82,61.56,0.57,51.3,54
29.7,58.32,44.82,61.56,0.57,51.3,54
23.1,45.36,34.86,47.88,0.44,39.9,42
25.3,49.68,38.18,52.44,0.48,43.7,46
25.85,50.76,39.01,53.58,0.49,44.65,47
25.85,50.76,39.01,53.58,0.49,44.65,47
25.3,49.68,38.18,52.44,0.48,43.7,46
25.3,49.68,38.18,52.44,0.48,43.7,46
24.2,47.52,36.52,50.16,0.46,41.8,44
24.2,47.52,36.52,50.16,0.46,41.8,44
26.4,51.84,39.84,54.72,0.5,45.6,48
25.3,49.68,38.18,52.44,0.48,43.7,46
25.3,49.68,38.18,52.44,0.48,43.7,46
22,43.2,33.2,45.6,0.42,38,40
25.3,49.68,38.18,52.44,0.48,43.7,46
28.05,55.08,42.33,58.14,0.54,48.45,51
28.6,56.16,43.16,59.28,0.55,49.4,52
34.1,66.96,51.46,70.68,0.65,58.9,62
31.9,62.64,48.14,66.12,0.61,55.1,58
28.6,56.16,43.16,59.28,0.55,49.4,52
24.75,48.6,37.35,51.3,0.47,42.75,45
25.3,49.68,38.18,52.44,0.48,43.7,46
30.25,59.4,45.65,62.7,0.58,52.25,55
24.2,47.52,36.52,50.16,0.46,41.8,44
30.25,59.4,45.65,62.7,0.58,52.25,55
26.4,51.84,39.84,54.72,0.5,45.6,48
30.8,60.48,46.48,63.84,0.59,53.2,56
32.45,63.72,48.97,67.26,0.62,56.05,59
30.25,59.4,45.65,62.7,0.58,52.25,55
31.35,61.56,47.31,64.98,0.6,54.15,57
30.8,60.48,46.48,63.84,0.59,53.2,56
37.4,73.44,56.44,77.52,0.71,64.6,68
41.25,81,62.25,85.5,0.79,71.25,75
45.1,88.56,68.06,93.48,0.86,77.9,82
39.6,77.76,59.76,82.08,0.76,68.4,72
31.35,61.56,47.31,64.98,0.6,54.15,57
35.75,70.2,53.95,74.1,0.68,61.75,65
32.45,63.72,48.97,67.26,0.62,56.05,59
31.35,61.56,47.31,64.98,0.6,54.15,57
34.65,68.04,52.29,71.82,0.66,59.85,63
37.4,73.44,56.44,77.52,0.71,64.6,68
28.05,55.08,42.33,58.14,0.54,48.45,51
29.7,58.32,44.82,61.56,0.57,51.3,54
24.2,47.52,36.52,50.16,0.46,41.8,44
29.15,57.24,43.99,60.42,0.56,50.35,53
28.6,56.16,43.16,59.28,0.55,49.4,52
30.8,60.48,46.48,63.84,0.59,53.2,56
28.6,56.16,43.16,59.28,0.55,49.4,52
31.35,61.56,47.31,64.98,0.6,54.15,57
31.9,62.64,48.14,66.12,0.61,55.1,58
26.4,51.84,39.84,54.72,0.5,45.6,48
67.1,131.76,101.26,139.08,1.28,115.9,122
29.15,57.24,43.99,60.42,0.56,50.35,53
25.85,50.76,39.01,53.58,0.49,44.65,47
28.05,55.08,42.33,58.14,0.54,48.45,51
27.5,54,41.5,57,0.53,47.5,50
28.6,56.16,43.16,59.28,0.55,49.4,52
28.6,56.16,43.16,59.28,0.55,49.4,52
31.35,61.56,47.31,64.98,0.6,54.15,57
30.25,59.4,45.65,62.7,0.58,52.25,55
28.05,55.08,42.33,58.14,0.54,48.45,51
30.8,60.48,46.48,63.84,0.59,53.2,56
34.1,66.96,51.46,70.68,0.65,58.9,62
36.85,72.36,55.61,76.38,0.7,63.65,67
36.3,71.28,54.78,75.24,0.69,62.7,66
31.9,62.64,48.14,66.12,0.61,55.1,58
37.4,73.44,56.44,77.52,0.71,64.6,68
39.6,77.76,59.76,82.08,0.76,68.4,72
42.9,84.24,64.74,88.92,0.82,74.1,78
43.45,85.32,65.57,90.06,0.83,75.05,79
35.2,69.12,53.12,72.96,0.67,60.8,64
32.45,63.72,48.97,67.26,0.62,56.05,59
36.3,71.28,54.78,75.24,0.69,62.7,66
34.1,66.96,51.46,70.68,0.65,58.9,62
31.9,62.64,48.14,66.12,0.61,55.1,58
30.8,60.48,46.48,63.84,0.59,53.2,56
26.95,52.92,40.67,55.86,0.51,46.55,49
29.7,58.32,44.82,61.56,0.57,51.3,54
34.65,68.04,52.29,71.82,0.66,59.85,63
33.55,65.88,50.63,69.54,0.64,57.95,61
41.8,82.08,63.08,86.64,0.8,72.2,76
33.55,65.88,50.63,69.54,0.64,57.95,61
35.75,70.2,53.95,74.1,0.68,61.75,65
37.4,73.44,56.44,77.52,0.71,64.6,68
36.85,72.36,55.61,76.38,0.7,63.65,67
48.4,95.04,73.04,100.32,0.92,83.6,88
48.95,96.12,73.87,101.46,0.93,84.55,89
48.4,95.04,73.04,100.32,0.92,83.6,88
34.1,66.96,51.46,70.68,0.65,58.9,62
37.4,73.44,56.44,77.52,0.71,64.6,68
29.7,58.32,44.82,61.56,0.57,51.3,54
30.25,59.4,45.65,62.7,0.58,52.25,55
34.1,66.96,51.46,70.68,0.65,58.9,62
35.2,69.12,53.12,72.96,0.67,60.8,64
34.1,66.96,51.46,70.68,0.65,58.9,62
30.8,60.48,46.48,63.84,0.59,53.2,56
33,64.8,49.8,68.4,0.63,57,60
34.1,66.96,51.46,70.68,0.65,58.9,62
36.3,71.28,54.78,75.24,0.69,62.7,66
36.85,72.36,55.61,76.38,0.7,63.65,67
37.95,74.52,57.27,78.66,0.72,65.55,69
35.75,70.2,53.95,74.1,0.68,61.75,65
37.95,74.52,57.27,78.66,0.72,65.55,69
61.05,119.88,92.13,126.54,1.17,105.45,111
55.55,109.08,83.83,115.14,1.06,95.95,101
56.1,110.16,84.66,116.28,1.07,96.9,102
53.9,105.84,81.34,111.72,1.03,93.1,98
61.6,120.96,92.96,127.68,1.18,106.4,112
67.1,131.76,101.26,139.08,1.28,115.9,122
67.65,132.84,102.09,140.22,1.29,116.85,123
54.45,106.92,82.17,112.86,1.04,94.05,99
74.25,145.8,112.05,153.9,1.42,128.25,135
64.35,126.36,97.11,133.38,1.23,111.15,117
59.4,116.64,89.64,123.12,1.13,102.6,108
56.1,110.16,84.66,116.28,1.07,96.9,102
56.65,111.24,85.49,117.42,1.08,97.85,103
61.05,119.88,92.13,126.54,1.17,105.45,111
57.2,112.32,86.32,118.56,1.09,98.8,104
60.5,118.8,91.3,125.4,1.16,104.5,110
56.1,110.16,84.66,116.28,1.07,96.9,102
57.2,112.32,86.32,118.56,1.09,98.8,104
62.15,122.04,93.79,128.82,1.19,107.35,113
64.35,126.36,97.11,133.38,1.23,111.15,117
53.9,105.84,81.34,111.72,1.03,93.1,98
51.15,100.44,77.19,106.02,0.98,88.35,93
55.55,109.08,83.83,115.14,1.06,95.95,101
59.95,117.72,90.47,124.26,1.14,103.55,109
63.25,124.2,95.45,131.1,1.21,109.25,115
67.65,132.84,102.09,140.22,1.29,116.85,123
62.7,123.12,94.62,129.96,1.2,108.3,114
62.7,123.12,94.62,129.96,1.2,108.3,114
64.35,126.36,97.11,133.38,1.23,111.15,117
66,129.6,99.6,136.8,1.26,114,120
68.75,135,103.75,142.5,1.31,118.75,125
67.65,132.84,102.09,140.22,1.29,116.85,123
66.55,130.68,100.43,137.94,1.27,114.95,121
58.85,115.56,88.81,121.98,1.12,101.65,107
55,108,83,114,1.05,95,100
56.65,111.24,85.49,117.42,1.08,97.85,103
60.5,118.8,91.3,125.4,1.16,104.5,110
52.25,102.6,78.85,108.3,1,90.25,95
46.2,90.72,69.72,95.76,0.88,79.8,84
43.45,85.32,65.57,90.06,0.83,75.05,79
35.75,70.2,53.95,74.1,0.68,61.75,65
33.55,65.88,50.63,69.54,0.64,57.95,61
45.65,89.64,68.89,94.62,0.87,78.85,83
42.35,83.16,63.91,87.78,0.81,73.15,77
42.9,84.24,64.74,88.92,0.82,74.1,78
36.85,72.36,55.61,76.38,0.7,63.65,67
36.85,72.36,55.61,76.38,0.7,63.65,67
47.85,93.96,72.21,99.18,0.91,82.65,87
52.8,103.68,79.68,109.44,1.01,91.2,96
52.25,102.6,78.85,108.3,1,90.25,95
56.65,111.24,85.49,117.42,1.08,97.85,103
62.15,122.04,93.79,128.82,1.19,107.35,113
66,129.6,99.6,136.8,1.26,114,120
63.25,124.2,95.45,131.1,1.21,109.25,115
61.6,120.96,92.96,127.68,1.18,106.4,112
61.05,119.88,92.13,126.54,1.17,105.45,111
61.6,120.96,92.96,127.68,1.18,106.4,112
46.75,91.8,70.55,96.9,0.89,80.75,85
53.35,104.76,80.51,110.58,1.02,92.15,97
53.9,105.84,81.34,111.72,1.03,93.1,98
47.3,92.88,71.38,98.04,0.9,81.7,86
50.05,98.28,75.53,103.74,0.96,86.45,91
40.7,79.92,61.42,84.36,0.78,70.3,74
32.45,63.72,48.97,67.26,0.62,56.05,59
36.3,71.28,54.78,75.24,0.69,62.7,66
42.9,84.24,64.74,88.92,0.82,74.1,78
45.1,88.56,68.06,93.48,0.86,77.9,82
48.95,96.12,73.87,101.46,0.93,84.55,89
50.6,99.36,76.36,104.88,0.97,87.4,92
